-- phpMyAdmin SQL Dump
-- version 5.2.1
-- https://www.phpmyadmin.net/
--
-- Host: 127.0.0.1:3306
-- Generation Time: Aug 18, 2025 at 08:17 AM
-- Server version: 9.1.0
-- PHP Version: 8.1.31

SET SQL_MODE = "NO_AUTO_VALUE_ON_ZERO";
START TRANSACTION;
SET time_zone = "+00:00";


/*!40101 SET @OLD_CHARACTER_SET_CLIENT=@@CHARACTER_SET_CLIENT */;
/*!40101 SET @OLD_CHARACTER_SET_RESULTS=@@CHARACTER_SET_RESULTS */;
/*!40101 SET @OLD_COLLATION_CONNECTION=@@COLLATION_CONNECTION */;
/*!40101 SET NAMES utf8mb4 */;

--
-- Database: `workflow_db`
--

-- --------------------------------------------------------

--
-- Stand-in structure for view `active_extension_requests`
-- (See below for the actual view)
--
DROP VIEW IF EXISTS `active_extension_requests`;
CREATE TABLE IF NOT EXISTS `active_extension_requests` (
`created_at` timestamp
,`current_due_date` date
,`id` int
,`reason` text
,`requested_by` int
,`requested_by_type` enum('admin','team')
,`requested_due_date` date
,`requester_name` varchar(255)
,`status` enum('pending','approved','rejected')
,`task_id` int
,`task_name` varchar(255)
);

-- --------------------------------------------------------

--
-- Table structure for table `admin_sessions`
--

DROP TABLE IF EXISTS `admin_sessions`;
CREATE TABLE IF NOT EXISTS `admin_sessions` (
  `id` varchar(255) COLLATE utf8mb4_unicode_ci NOT NULL,
  `user_id` int NOT NULL,
  `access_token` varchar(500) COLLATE utf8mb4_unicode_ci NOT NULL,
  `refresh_token` varchar(500) COLLATE utf8mb4_unicode_ci DEFAULT NULL,
  `expires_at` timestamp NOT NULL,
  `created_at` timestamp NULL DEFAULT CURRENT_TIMESTAMP,
  `updated_at` timestamp NULL DEFAULT CURRENT_TIMESTAMP ON UPDATE CURRENT_TIMESTAMP,
  PRIMARY KEY (`id`),
  KEY `idx_user` (`user_id`),
  KEY `idx_expires` (`expires_at`),
  KEY `idx_access_token` (`access_token`(255))
) ENGINE=InnoDB DEFAULT CHARSET=utf8mb4 COLLATE=utf8mb4_unicode_ci;

--
-- Dumping data for table `admin_sessions`
--

INSERT INTO `admin_sessions` (`id`, `user_id`, `access_token`, `refresh_token`, `expires_at`, `created_at`, `updated_at`) VALUES
('admin_1_1754730995100', 1, 'eyJhbGciOiJIUzI1NiIsInR5cCI6IkpXVCJ9.eyJpZCI6MSwiZW1haWwiOiJpbmZvQGJ5bGluZWxlYXJuaW5nLmNvbSIsIm5hbWUiOiJEZW1vIEFkbWluIiwidHlwZSI6ImFkbWluIiwiaWF0IjoxNzU0NzMwOTk1LCJleHAiOjE3NTQ4MTczOTV9.szuIolF3Uz3IzscBhQdtTA5bJul4ruCD8hflAZ-_6GA', 'eyJhbGciOiJIUzI1NiIsInR5cCI6IkpXVCJ9.eyJpZCI6MSwidHlwZSI6ImFkbWluIiwiaWF0IjoxNzU0NzMwOTk1LCJleHAiOjE3NTUzMzU3OTV9.cvuDnUvRAXKBTfh-qeeisUqwBJK-6BGw_CWghWqrCwc', '2025-08-10 09:16:35', '2025-08-09 09:16:35', '2025-08-09 09:16:35'),
('admin_1_1754737191439', 1, 'eyJhbGciOiJIUzI1NiIsInR5cCI6IkpXVCJ9.eyJpZCI6MSwiZW1haWwiOiJpbmZvQGJ5bGluZWxlYXJuaW5nLmNvbSIsIm5hbWUiOiJEZW1vIEFkbWluIiwidHlwZSI6ImFkbWluIiwiaWF0IjoxNzU0NzM3MTkxLCJleHAiOjE3NTQ4MjM1OTF9.NzlSF1NDsQ2cbaY1ONaadsunMZEMoF8Q-w6y4EzJTU0', 'eyJhbGciOiJIUzI1NiIsInR5cCI6IkpXVCJ9.eyJpZCI6MSwidHlwZSI6ImFkbWluIiwiaWF0IjoxNzU0NzM3MTkxLCJleHAiOjE3NTUzNDE5OTF9.BWecZfCk3X6LZzEfJGVTeQfpAtsXkRnMlau_UFk0EVA', '2025-08-10 10:59:51', '2025-08-09 10:59:51', '2025-08-09 10:59:51'),
('admin_1_1754737552064', 1, 'eyJhbGciOiJIUzI1NiIsInR5cCI6IkpXVCJ9.eyJpZCI6MSwiZW1haWwiOiJpbmZvQGJ5bGluZWxlYXJuaW5nLmNvbSIsIm5hbWUiOiJEZW1vIEFkbWluIiwidHlwZSI6ImFkbWluIiwiaWF0IjoxNzU0NzM3NTUyLCJleHAiOjE3NTQ4MjM5NTJ9._j9mdAxtdni3DHuiE7oYVDH0BGfJqRfAEFYADhOUe9M', 'eyJhbGciOiJIUzI1NiIsInR5cCI6IkpXVCJ9.eyJpZCI6MSwidHlwZSI6ImFkbWluIiwiaWF0IjoxNzU0NzM3NTUyLCJleHAiOjE3NTUzNDIzNTJ9.D2H-K4D1ysFemMss7_sL6NDkBdBZHkLsNKWfrYOlLF8', '2025-08-10 11:05:52', '2025-08-09 11:05:52', '2025-08-09 11:05:52'),
('admin_1_1754739061079', 1, 'eyJhbGciOiJIUzI1NiIsInR5cCI6IkpXVCJ9.eyJpZCI6MSwiZW1haWwiOiJpbmZvQGJ5bGluZWxlYXJuaW5nLmNvbSIsIm5hbWUiOiJEZW1vIEFkbWluIiwidHlwZSI6ImFkbWluIiwiaWF0IjoxNzU0NzM5MDYxLCJleHAiOjE3NTQ4MjU0NjF9.6DCNuK7-bwx92_CfXT3JimN4gcPTJyCjs0fA1rw-F2Q', 'eyJhbGciOiJIUzI1NiIsInR5cCI6IkpXVCJ9.eyJpZCI6MSwidHlwZSI6ImFkbWluIiwiaWF0IjoxNzU0NzM5MDYxLCJleHAiOjE3NTUzNDM4NjF9.mWrqT8yACkDZ8Z9gqid4tyqFUKBXxJg7fPLPO5NhSsc', '2025-08-10 11:31:01', '2025-08-09 11:31:01', '2025-08-09 11:31:01'),
('admin_1_1754745425178', 1, 'eyJhbGciOiJIUzI1NiIsInR5cCI6IkpXVCJ9.eyJpZCI6MSwiZW1haWwiOiJpbmZvQGJ5bGluZWxlYXJuaW5nLmNvbSIsIm5hbWUiOiJEZW1vIEFkbWluIiwidHlwZSI6ImFkbWluIiwiaWF0IjoxNzU0NzQ1NDI1LCJleHAiOjE3NTQ4MzE4MjV9.CNnllilImo2U4-jig-LXgiO_hFptJDJw2sEG4tPl88I', 'eyJhbGciOiJIUzI1NiIsInR5cCI6IkpXVCJ9.eyJpZCI6MSwidHlwZSI6ImFkbWluIiwiaWF0IjoxNzU0NzQ1NDI1LCJleHAiOjE3NTUzNTAyMjV9.JF81YHIVahirNF3CQF2RrQt7o4xSz14mXMbVTMrga7M', '2025-08-10 13:17:05', '2025-08-09 13:17:05', '2025-08-09 13:17:05'),
('admin_1_1754745433308', 1, 'eyJhbGciOiJIUzI1NiIsInR5cCI6IkpXVCJ9.eyJpZCI6MSwiZW1haWwiOiJpbmZvQGJ5bGluZWxlYXJuaW5nLmNvbSIsIm5hbWUiOiJEZW1vIEFkbWluIiwidHlwZSI6ImFkbWluIiwiaWF0IjoxNzU0NzQ1NDMzLCJleHAiOjE3NTQ4MzE4MzN9.ck25rexOPi0Q9SCTYDEyId6AFGleyMxbZeRUONhkda4', 'eyJhbGciOiJIUzI1NiIsInR5cCI6IkpXVCJ9.eyJpZCI6MSwidHlwZSI6ImFkbWluIiwiaWF0IjoxNzU0NzQ1NDMzLCJleHAiOjE3NTUzNTAyMzN9.y-42GqH1l1v_CS1pvSr5U2C0iJcOzPAJOZGBNK9csJQ', '2025-08-10 13:17:13', '2025-08-09 13:17:13', '2025-08-09 13:17:13'),
('admin_1_1754745697805', 1, 'eyJhbGciOiJIUzI1NiIsInR5cCI6IkpXVCJ9.eyJpZCI6MSwiZW1haWwiOiJpbmZvQGJ5bGluZWxlYXJuaW5nLmNvbSIsIm5hbWUiOiJEZW1vIEFkbWluIiwidHlwZSI6ImFkbWluIiwiaWF0IjoxNzU0NzQ1Njk3LCJleHAiOjE3NTQ4MzIwOTd9.NEcNXfR9DtS9tuOGTyhdg3LrVNGl1C-A26FFgdrW7Wc', 'eyJhbGciOiJIUzI1NiIsInR5cCI6IkpXVCJ9.eyJpZCI6MSwidHlwZSI6ImFkbWluIiwiaWF0IjoxNzU0NzQ1Njk3LCJleHAiOjE3NTUzNTA0OTd9.6yW49OGHOhoKbb6PhyFXdJ2JPTQkfIQanVmqbB5OMEE', '2025-08-10 13:21:37', '2025-08-09 13:21:37', '2025-08-09 13:21:37'),
('admin_1_1754745828273', 1, 'eyJhbGciOiJIUzI1NiIsInR5cCI6IkpXVCJ9.eyJpZCI6MSwiZW1haWwiOiJpbmZvQGJ5bGluZWxlYXJuaW5nLmNvbSIsIm5hbWUiOiJEZW1vIEFkbWluIiwidHlwZSI6ImFkbWluIiwiaWF0IjoxNzU0NzQ1ODI4LCJleHAiOjE3NTQ4MzIyMjh9.lumactdBomettVqIezEOLfAYq9RMb2tDOWLqn3IEbsE', 'eyJhbGciOiJIUzI1NiIsInR5cCI6IkpXVCJ9.eyJpZCI6MSwidHlwZSI6ImFkbWluIiwiaWF0IjoxNzU0NzQ1ODI4LCJleHAiOjE3NTUzNTA2Mjh9.iEoBbqBs9Jjs1sai3fJe7USws9RYypmJ_GstbdAiuwM', '2025-08-10 13:23:48', '2025-08-09 13:23:48', '2025-08-09 13:23:48'),
('admin_1_1754746389950', 1, 'eyJhbGciOiJIUzI1NiIsInR5cCI6IkpXVCJ9.eyJpZCI6MSwiZW1haWwiOiJpbmZvQGJ5bGluZWxlYXJuaW5nLmNvbSIsIm5hbWUiOiJEZW1vIEFkbWluIiwidHlwZSI6ImFkbWluIiwiaWF0IjoxNzU0NzQ2Mzg5LCJleHAiOjE3NTQ4MzI3ODl9.nUB4vM8iSRbnC-r805eXD47hh_6ujuxO1r9UJ-X3GvY', 'eyJhbGciOiJIUzI1NiIsInR5cCI6IkpXVCJ9.eyJpZCI6MSwidHlwZSI6ImFkbWluIiwiaWF0IjoxNzU0NzQ2Mzg5LCJleHAiOjE3NTUzNTExODl9.n_pFYa_30ldeUNH7elwp74JCmZ5agmitiYrFOQ4pXts', '2025-08-10 13:33:09', '2025-08-09 13:33:09', '2025-08-09 13:33:09'),
('admin_1_1754746459377', 1, 'eyJhbGciOiJIUzI1NiIsInR5cCI6IkpXVCJ9.eyJpZCI6MSwiZW1haWwiOiJpbmZvQGJ5bGluZWxlYXJuaW5nLmNvbSIsIm5hbWUiOiJEZW1vIEFkbWluIiwidHlwZSI6ImFkbWluIiwiaWF0IjoxNzU0NzQ2NDU5LCJleHAiOjE3NTQ4MzI4NTl9.TnXq5p_2r0ctLjgdg2RE78ejCtjU3O-HeYQbjPiO1_Y', 'eyJhbGciOiJIUzI1NiIsInR5cCI6IkpXVCJ9.eyJpZCI6MSwidHlwZSI6ImFkbWluIiwiaWF0IjoxNzU0NzQ2NDU5LCJleHAiOjE3NTUzNTEyNTl9.OVKB81JtNibqgZVD0glq98lp67QYYCUcnncUyk5gITA', '2025-08-10 13:34:19', '2025-08-09 13:34:19', '2025-08-09 13:34:19'),
('admin_1_1754746501737', 1, 'eyJhbGciOiJIUzI1NiIsInR5cCI6IkpXVCJ9.eyJpZCI6MSwiZW1haWwiOiJpbmZvQGJ5bGluZWxlYXJuaW5nLmNvbSIsIm5hbWUiOiJEZW1vIEFkbWluIiwidHlwZSI6ImFkbWluIiwiaWF0IjoxNzU0NzQ2NTAxLCJleHAiOjE3NTQ4MzI5MDF9.oDAn1vd_PhUTmVpIc9hjt913ohcAgQRTyDs_CNfiAOo', 'eyJhbGciOiJIUzI1NiIsInR5cCI6IkpXVCJ9.eyJpZCI6MSwidHlwZSI6ImFkbWluIiwiaWF0IjoxNzU0NzQ2NTAxLCJleHAiOjE3NTUzNTEzMDF9.IboZyPZnLX4aU1_FDLJLoOdW09LnhelFn7uRuXILU10', '2025-08-10 13:35:01', '2025-08-09 13:35:01', '2025-08-09 13:35:01'),
('admin_1_1754746660947', 1, 'eyJhbGciOiJIUzI1NiIsInR5cCI6IkpXVCJ9.eyJpZCI6MSwiZW1haWwiOiJpbmZvQGJ5bGluZWxlYXJuaW5nLmNvbSIsIm5hbWUiOiJEZW1vIEFkbWluIiwidHlwZSI6ImFkbWluIiwiaWF0IjoxNzU0NzQ2NjYwLCJleHAiOjE3NTQ4MzMwNjB9.stYpRMl0rxsVdfRNbtEQ91tpmRPeSMzmP1Z55HO1vqU', 'eyJhbGciOiJIUzI1NiIsInR5cCI6IkpXVCJ9.eyJpZCI6MSwidHlwZSI6ImFkbWluIiwiaWF0IjoxNzU0NzQ2NjYwLCJleHAiOjE3NTUzNTE0NjB9.IZFqtVlioj9q2yet5rFILLHrLIf3UxPvsrSUDG2zf_I', '2025-08-10 13:37:40', '2025-08-09 13:37:40', '2025-08-09 13:37:40'),
('admin_1_1754747135186', 1, 'eyJhbGciOiJIUzI1NiIsInR5cCI6IkpXVCJ9.eyJpZCI6MSwiZW1haWwiOiJpbmZvQGJ5bGluZWxlYXJuaW5nLmNvbSIsIm5hbWUiOiJEZW1vIEFkbWluIiwidHlwZSI6ImFkbWluIiwiaWF0IjoxNzU0NzQ3MTM1LCJleHAiOjE3NTQ4MzM1MzV9.o5lvWb4EYgOimwjm-52CmxZ-PkZUEdy_2sepDtycGSo', 'eyJhbGciOiJIUzI1NiIsInR5cCI6IkpXVCJ9.eyJpZCI6MSwidHlwZSI6ImFkbWluIiwiaWF0IjoxNzU0NzQ3MTM1LCJleHAiOjE3NTUzNTE5MzV9.E-8goeIevxGosDaiWuI-o0X_Ty6UjOiPiRZW9IBmwHo', '2025-08-10 13:45:35', '2025-08-09 13:45:35', '2025-08-09 13:45:35'),
('admin_1_1754890886954', 1, 'eyJhbGciOiJIUzI1NiIsInR5cCI6IkpXVCJ9.eyJpZCI6MSwiZW1haWwiOiJpbmZvQGJ5bGluZWxlYXJuaW5nLmNvbSIsIm5hbWUiOiJEZW1vIEFkbWluIiwidHlwZSI6ImFkbWluIiwiaWF0IjoxNzU0ODkwODg2LCJleHAiOjE3NTQ5NzcyODZ9.Cs_fUYZdDUPGL2ZkLq8C_N1XmZWU3utLaPqYOQxJ0Mk', 'eyJhbGciOiJIUzI1NiIsInR5cCI6IkpXVCJ9.eyJpZCI6MSwidHlwZSI6ImFkbWluIiwiaWF0IjoxNzU0ODkwODg2LCJleHAiOjE3NTU0OTU2ODZ9.GvTj4hCLEpw8BKNVyOcFRtwXdcF5WdTk47dHmUvN6u4', '2025-08-12 05:41:26', '2025-08-11 05:41:26', '2025-08-11 05:41:26'),
('admin_1_1754890914950', 1, 'eyJhbGciOiJIUzI1NiIsInR5cCI6IkpXVCJ9.eyJpZCI6MSwiZW1haWwiOiJpbmZvQGJ5bGluZWxlYXJuaW5nLmNvbSIsIm5hbWUiOiJEZW1vIEFkbWluIiwidHlwZSI6ImFkbWluIiwiaWF0IjoxNzU0ODkwOTE0LCJleHAiOjE3NTQ5NzczMTR9.Cu1zh4go8McyxEKlqgzM5_pjqNi2GucuC5PDIStsRdc', 'eyJhbGciOiJIUzI1NiIsInR5cCI6IkpXVCJ9.eyJpZCI6MSwidHlwZSI6ImFkbWluIiwiaWF0IjoxNzU0ODkwOTE0LCJleHAiOjE3NTU0OTU3MTR9.Zp9cPYv3nes3q9pLFdBj0krS5HXTjSCXRbZEGbztPtM', '2025-08-12 05:41:54', '2025-08-11 05:41:54', '2025-08-11 05:41:54'),
('admin_1_1754891254496', 1, 'eyJhbGciOiJIUzI1NiIsInR5cCI6IkpXVCJ9.eyJpZCI6MSwiZW1haWwiOiJpbmZvQGJ5bGluZWxlYXJuaW5nLmNvbSIsIm5hbWUiOiJEZW1vIEFkbWluIiwidHlwZSI6ImFkbWluIiwiaWF0IjoxNzU0ODkxMjU0LCJleHAiOjE3NTQ5Nzc2NTR9.PY04jlA_LZtFMtQIiOdyO9LsXcG_70czvg0-QESgmho', 'eyJhbGciOiJIUzI1NiIsInR5cCI6IkpXVCJ9.eyJpZCI6MSwidHlwZSI6ImFkbWluIiwiaWF0IjoxNzU0ODkxMjU0LCJleHAiOjE3NTU0OTYwNTR9.2nkPueFYZoUkGLGoGFihBiu-MaALrGYBB6KYNY0Rpig', '2025-08-12 05:47:34', '2025-08-11 05:47:34', '2025-08-11 05:47:34'),
('admin_1_1754891452912', 1, 'eyJhbGciOiJIUzI1NiIsInR5cCI6IkpXVCJ9.eyJpZCI6MSwiZW1haWwiOiJpbmZvQGJ5bGluZWxlYXJuaW5nLmNvbSIsIm5hbWUiOiJEZW1vIEFkbWluIiwidHlwZSI6ImFkbWluIiwiaWF0IjoxNzU0ODkxNDUyLCJleHAiOjE3NTQ5Nzc4NTJ9.mfQ3ni2Sar3ZNGQFT7_ne9fjcs63E6Qo8reFfFLOZjU', 'eyJhbGciOiJIUzI1NiIsInR5cCI6IkpXVCJ9.eyJpZCI6MSwidHlwZSI6ImFkbWluIiwiaWF0IjoxNzU0ODkxNDUyLCJleHAiOjE3NTU0OTYyNTJ9.fqgrtvghCzZxIY6MveeopGPoIpIV1DESlpsT2e9es-E', '2025-08-12 05:50:52', '2025-08-11 05:50:52', '2025-08-11 05:50:52'),
('admin_1_1754891599688', 1, 'eyJhbGciOiJIUzI1NiIsInR5cCI6IkpXVCJ9.eyJpZCI6MSwiZW1haWwiOiJpbmZvQGJ5bGluZWxlYXJuaW5nLmNvbSIsIm5hbWUiOiJEZW1vIEFkbWluIiwidHlwZSI6ImFkbWluIiwiaWF0IjoxNzU0ODkxNTk5LCJleHAiOjE3NTQ5Nzc5OTl9.qmrLtRklb-S3C28YoCSg3Jg_MLCN5-BJprFjtshQhjE', 'eyJhbGciOiJIUzI1NiIsInR5cCI6IkpXVCJ9.eyJpZCI6MSwidHlwZSI6ImFkbWluIiwiaWF0IjoxNzU0ODkxNTk5LCJleHAiOjE3NTU0OTYzOTl9.XYB10ZVm-TW1hPzfSLIoXp73du7VXQkBnZhE7vh_zu4', '2025-08-12 05:53:19', '2025-08-11 05:53:19', '2025-08-11 05:53:19'),
('admin_1_1754893521464', 1, 'eyJhbGciOiJIUzI1NiIsInR5cCI6IkpXVCJ9.eyJpZCI6MSwiZW1haWwiOiJpbmZvQGJ5bGluZWxlYXJuaW5nLmNvbSIsIm5hbWUiOiJEZW1vIEFkbWluIiwidHlwZSI6ImFkbWluIiwiaWF0IjoxNzU0ODkzNTIxLCJleHAiOjE3NTQ5Nzk5MjF9.xoKGnA7w-I3gCXL-I_RCUlUj2v6GqHFtE7Vv4gtciNQ', 'eyJhbGciOiJIUzI1NiIsInR5cCI6IkpXVCJ9.eyJpZCI6MSwidHlwZSI6ImFkbWluIiwiaWF0IjoxNzU0ODkzNTIxLCJleHAiOjE3NTU0OTgzMjF9.xIyU2nSPei47DK0w_ONTzcRr6Ng2nOxz4T6n4onLgY8', '2025-08-12 06:25:21', '2025-08-11 06:25:21', '2025-08-11 06:25:21'),
('admin_1_1754893552975', 1, 'eyJhbGciOiJIUzI1NiIsInR5cCI6IkpXVCJ9.eyJpZCI6MSwiZW1haWwiOiJpbmZvQGJ5bGluZWxlYXJuaW5nLmNvbSIsIm5hbWUiOiJEZW1vIEFkbWluIiwidHlwZSI6ImFkbWluIiwiaWF0IjoxNzU0ODkzNTUyLCJleHAiOjE3NTQ5Nzk5NTJ9.eJRNXYCLaSb-UtfNyGhTDhausKTi39WnGPvGcj2p3Vs', 'eyJhbGciOiJIUzI1NiIsInR5cCI6IkpXVCJ9.eyJpZCI6MSwidHlwZSI6ImFkbWluIiwiaWF0IjoxNzU0ODkzNTUyLCJleHAiOjE3NTU0OTgzNTJ9.DsRfI4UrF9eXl8fdeWNiPcMNJj44cbUbSvpCCm1-Jlw', '2025-08-12 06:25:52', '2025-08-11 06:25:52', '2025-08-11 06:25:52'),
('admin_1_1754893845998', 1, 'eyJhbGciOiJIUzI1NiIsInR5cCI6IkpXVCJ9.eyJpZCI6MSwiZW1haWwiOiJpbmZvQGJ5bGluZWxlYXJuaW5nLmNvbSIsIm5hbWUiOiJEZW1vIEFkbWluIiwidHlwZSI6ImFkbWluIiwiaWF0IjoxNzU0ODkzODQ1LCJleHAiOjE3NTQ5ODAyNDV9.YCONuQrD-rmH7fwiHq7zSqUxzeU3MMyVg69zWkNzxEc', 'eyJhbGciOiJIUzI1NiIsInR5cCI6IkpXVCJ9.eyJpZCI6MSwidHlwZSI6ImFkbWluIiwiaWF0IjoxNzU0ODkzODQ1LCJleHAiOjE3NTU0OTg2NDV9.nQLbU1s0UUTt1i3fzJbWTr7NMT5cAKo8ryKBjJxscIo', '2025-08-12 06:30:45', '2025-08-11 06:30:45', '2025-08-11 06:30:45'),
('admin_1_1754893886444', 1, 'eyJhbGciOiJIUzI1NiIsInR5cCI6IkpXVCJ9.eyJpZCI6MSwiZW1haWwiOiJpbmZvQGJ5bGluZWxlYXJuaW5nLmNvbSIsIm5hbWUiOiJEZW1vIEFkbWluIiwidHlwZSI6ImFkbWluIiwiaWF0IjoxNzU0ODkzODg2LCJleHAiOjE3NTQ5ODAyODZ9.gXcxHCSkXLSg_G0rT6LGeI_oQxvAMbGDAl_KZQuzB00', 'eyJhbGciOiJIUzI1NiIsInR5cCI6IkpXVCJ9.eyJpZCI6MSwidHlwZSI6ImFkbWluIiwiaWF0IjoxNzU0ODkzODg2LCJleHAiOjE3NTU0OTg2ODZ9.LOqMUhfnwy70N4-tDnOhQxL8_5zziFzRl4HgteTGgqg', '2025-08-12 06:31:26', '2025-08-11 06:31:26', '2025-08-11 06:31:26'),
('admin_1_1754894843963', 1, 'eyJhbGciOiJIUzI1NiIsInR5cCI6IkpXVCJ9.eyJpZCI6MSwiZW1haWwiOiJpbmZvQGJ5bGluZWxlYXJuaW5nLmNvbSIsIm5hbWUiOiJEZW1vIEFkbWluIiwidHlwZSI6ImFkbWluIiwiaWF0IjoxNzU0ODk0ODQzLCJleHAiOjE3NTQ5ODEyNDN9.6V6n8du_nRRsAXXzwQExFZ0uFGz9k1B_sD-tVuH7HH4', 'eyJhbGciOiJIUzI1NiIsInR5cCI6IkpXVCJ9.eyJpZCI6MSwidHlwZSI6ImFkbWluIiwiaWF0IjoxNzU0ODk0ODQzLCJleHAiOjE3NTU0OTk2NDN9.I_AShwxgXyJi4u7tPlDDPvl6UAo_VCxZEaydnObo2iU', '2025-08-12 06:47:23', '2025-08-11 06:47:23', '2025-08-11 06:47:23'),
('admin_1_1754894932300', 1, 'eyJhbGciOiJIUzI1NiIsInR5cCI6IkpXVCJ9.eyJpZCI6MSwiZW1haWwiOiJpbmZvQGJ5bGluZWxlYXJuaW5nLmNvbSIsIm5hbWUiOiJEZW1vIEFkbWluIiwidHlwZSI6ImFkbWluIiwiaWF0IjoxNzU0ODk0OTMyLCJleHAiOjE3NTQ5ODEzMzJ9.CxchUehAAarTPFmZrMAZ93f_nAdFJEq9ax--pwX41JQ', 'eyJhbGciOiJIUzI1NiIsInR5cCI6IkpXVCJ9.eyJpZCI6MSwidHlwZSI6ImFkbWluIiwiaWF0IjoxNzU0ODk0OTMyLCJleHAiOjE3NTU0OTk3MzJ9.W0hFrF-yLfHEiwRciEiLiTjiQ4vgTu8B-YupUbPhEfU', '2025-08-12 06:48:52', '2025-08-11 06:48:52', '2025-08-11 06:48:52'),
('admin_1_1754895113303', 1, 'eyJhbGciOiJIUzI1NiIsInR5cCI6IkpXVCJ9.eyJpZCI6MSwiZW1haWwiOiJpbmZvQGJ5bGluZWxlYXJuaW5nLmNvbSIsIm5hbWUiOiJEZW1vIEFkbWluIiwidHlwZSI6ImFkbWluIiwiaWF0IjoxNzU0ODk1MTEzLCJleHAiOjE3NTQ5ODE1MTN9.EeISw00mTDfzkJiGkdJD7lE7NXYCOMK8gW9TwAf-4qU', 'eyJhbGciOiJIUzI1NiIsInR5cCI6IkpXVCJ9.eyJpZCI6MSwidHlwZSI6ImFkbWluIiwiaWF0IjoxNzU0ODk1MTEzLCJleHAiOjE3NTU0OTk5MTN9.zEQ8VtC4t6pqvLFnjyfr3qrKL4VAZhjX4acb4ehkf3k', '2025-08-12 06:51:53', '2025-08-11 06:51:53', '2025-08-11 06:51:53'),
('admin_1_1754895124367', 1, 'eyJhbGciOiJIUzI1NiIsInR5cCI6IkpXVCJ9.eyJpZCI6MSwiZW1haWwiOiJpbmZvQGJ5bGluZWxlYXJuaW5nLmNvbSIsIm5hbWUiOiJEZW1vIEFkbWluIiwidHlwZSI6ImFkbWluIiwiaWF0IjoxNzU0ODk1MTI0LCJleHAiOjE3NTQ5ODE1MjR9.3COSwGbllHV13cFZReTtH_siBiT42nUbygV6X7U2Ipo', 'eyJhbGciOiJIUzI1NiIsInR5cCI6IkpXVCJ9.eyJpZCI6MSwidHlwZSI6ImFkbWluIiwiaWF0IjoxNzU0ODk1MTI0LCJleHAiOjE3NTU0OTk5MjR9.RU-hD9JdEV0WnyW_bHgf4i5xMVLXPloRojnmswut6TE', '2025-08-12 06:52:04', '2025-08-11 06:52:04', '2025-08-11 06:52:04'),
('admin_1_1754895174513', 1, 'eyJhbGciOiJIUzI1NiIsInR5cCI6IkpXVCJ9.eyJpZCI6MSwiZW1haWwiOiJpbmZvQGJ5bGluZWxlYXJuaW5nLmNvbSIsIm5hbWUiOiJEZW1vIEFkbWluIiwidHlwZSI6ImFkbWluIiwiaWF0IjoxNzU0ODk1MTc0LCJleHAiOjE3NTQ5ODE1NzR9.QbMj-BUic7_mABh1Vw2gTBiGLxP9XapM95d7cf1n7yI', 'eyJhbGciOiJIUzI1NiIsInR5cCI6IkpXVCJ9.eyJpZCI6MSwidHlwZSI6ImFkbWluIiwiaWF0IjoxNzU0ODk1MTc0LCJleHAiOjE3NTU0OTk5NzR9.fPXMdO-3xdKfrG0mBt_BggsZNZXF-esris_PwX-Fnf8', '2025-08-12 06:52:54', '2025-08-11 06:52:54', '2025-08-11 06:52:54'),
('admin_1_1754895216677', 1, 'eyJhbGciOiJIUzI1NiIsInR5cCI6IkpXVCJ9.eyJpZCI6MSwiZW1haWwiOiJpbmZvQGJ5bGluZWxlYXJuaW5nLmNvbSIsIm5hbWUiOiJEZW1vIEFkbWluIiwidHlwZSI6ImFkbWluIiwiaWF0IjoxNzU0ODk1MjE2LCJleHAiOjE3NTQ5ODE2MTZ9.RsXUuqFW0LeRkXetjtDX4w_NZ3KRR8XjrzqiYAJnsHs', 'eyJhbGciOiJIUzI1NiIsInR5cCI6IkpXVCJ9.eyJpZCI6MSwidHlwZSI6ImFkbWluIiwiaWF0IjoxNzU0ODk1MjE2LCJleHAiOjE3NTU1MDAwMTZ9.wvdqLW_J7D5VKeF39cChfeLKI4rg-fN22-CkprFuNfY', '2025-08-12 06:53:36', '2025-08-11 06:53:36', '2025-08-11 06:53:36'),
('admin_1_1754895351644', 1, 'eyJhbGciOiJIUzI1NiIsInR5cCI6IkpXVCJ9.eyJpZCI6MSwiZW1haWwiOiJpbmZvQGJ5bGluZWxlYXJuaW5nLmNvbSIsIm5hbWUiOiJEZW1vIEFkbWluIiwidHlwZSI6ImFkbWluIiwiaWF0IjoxNzU0ODk1MzUxLCJleHAiOjE3NTQ5ODE3NTF9.qhY8dibJ1oS2Tf7txaXHHEc__xp1gGAiIzMAZNEya5o', 'eyJhbGciOiJIUzI1NiIsInR5cCI6IkpXVCJ9.eyJpZCI6MSwidHlwZSI6ImFkbWluIiwiaWF0IjoxNzU0ODk1MzUxLCJleHAiOjE3NTU1MDAxNTF9.qwmLabUFOijcQiuE6_XyeEI4HZ3MNC5ZywWmh8cJRnU', '2025-08-12 06:55:51', '2025-08-11 06:55:51', '2025-08-11 06:55:51'),
('admin_1_1754896295011', 1, 'eyJhbGciOiJIUzI1NiIsInR5cCI6IkpXVCJ9.eyJpZCI6MSwiZW1haWwiOiJpbmZvQGJ5bGluZWxlYXJuaW5nLmNvbSIsIm5hbWUiOiJEZW1vIEFkbWluIiwidHlwZSI6ImFkbWluIiwiaWF0IjoxNzU0ODk2Mjk1LCJleHAiOjE3NTQ5ODI2OTV9.3WGJrgMGbnxow-FA8zttsBS-8SSA_jxt81nllYpUfYw', 'eyJhbGciOiJIUzI1NiIsInR5cCI6IkpXVCJ9.eyJpZCI6MSwidHlwZSI6ImFkbWluIiwiaWF0IjoxNzU0ODk2Mjk1LCJleHAiOjE3NTU1MDEwOTV9.yiYKpS1umCS0EhMGEv9zyZOpAXp9Gc18_sYorKqLp0A', '2025-08-12 07:11:35', '2025-08-11 07:11:35', '2025-08-11 07:11:35'),
('admin_1_1754896762959', 1, 'eyJhbGciOiJIUzI1NiIsInR5cCI6IkpXVCJ9.eyJpZCI6MSwiZW1haWwiOiJpbmZvQGJ5bGluZWxlYXJuaW5nLmNvbSIsIm5hbWUiOiJEZW1vIEFkbWluIiwidHlwZSI6ImFkbWluIiwiaWF0IjoxNzU0ODk2NzYyLCJleHAiOjE3NTQ5ODMxNjJ9.UufL7e4MZCGNTIkpvc9o9Smiu7q2e3TDLMELfwubO7A', 'eyJhbGciOiJIUzI1NiIsInR5cCI6IkpXVCJ9.eyJpZCI6MSwidHlwZSI6ImFkbWluIiwiaWF0IjoxNzU0ODk2NzYyLCJleHAiOjE3NTU1MDE1NjJ9.2h_JYCZKBTlQZ8s1jYWl_l8IStLdKo47fygQOAYePFQ', '2025-08-12 07:19:22', '2025-08-11 07:19:22', '2025-08-11 07:19:22'),
('admin_1_1754896788613', 1, 'eyJhbGciOiJIUzI1NiIsInR5cCI6IkpXVCJ9.eyJpZCI6MSwiZW1haWwiOiJpbmZvQGJ5bGluZWxlYXJuaW5nLmNvbSIsIm5hbWUiOiJEZW1vIEFkbWluIiwidHlwZSI6ImFkbWluIiwiaWF0IjoxNzU0ODk2Nzg4LCJleHAiOjE3NTQ5ODMxODh9.XGLmV5muJGjqlL7AIIdD39FfgDMj-GQgGMKljtF0q8Y', 'eyJhbGciOiJIUzI1NiIsInR5cCI6IkpXVCJ9.eyJpZCI6MSwidHlwZSI6ImFkbWluIiwiaWF0IjoxNzU0ODk2Nzg4LCJleHAiOjE3NTU1MDE1ODh9.EgsjsYHrpGMS-3aaF6ZVa8kZBDs9dl_cYDSuKqsTMzw', '2025-08-12 07:19:48', '2025-08-11 07:19:48', '2025-08-11 07:19:48'),
('admin_1_1754896829877', 1, 'eyJhbGciOiJIUzI1NiIsInR5cCI6IkpXVCJ9.eyJpZCI6MSwiZW1haWwiOiJpbmZvQGJ5bGluZWxlYXJuaW5nLmNvbSIsIm5hbWUiOiJEZW1vIEFkbWluIiwidHlwZSI6ImFkbWluIiwiaWF0IjoxNzU0ODk2ODI5LCJleHAiOjE3NTQ5ODMyMjl9.7gEb5VYEeZBpMOW5jF5Fkt3OpSK_kmf99SFhGxsUZ5M', 'eyJhbGciOiJIUzI1NiIsInR5cCI6IkpXVCJ9.eyJpZCI6MSwidHlwZSI6ImFkbWluIiwiaWF0IjoxNzU0ODk2ODI5LCJleHAiOjE3NTU1MDE2Mjl9.I7C8qu8KadfNat-AoSmlYyFFXsZmlrVsLjgGFUKwfOI', '2025-08-12 07:20:29', '2025-08-11 07:20:29', '2025-08-11 07:20:29'),
('admin_1_1754897136670', 1, 'eyJhbGciOiJIUzI1NiIsInR5cCI6IkpXVCJ9.eyJpZCI6MSwiZW1haWwiOiJpbmZvQGJ5bGluZWxlYXJuaW5nLmNvbSIsIm5hbWUiOiJEZW1vIEFkbWluIiwidHlwZSI6ImFkbWluIiwiaWF0IjoxNzU0ODk3MTM2LCJleHAiOjE3NTQ5ODM1MzZ9.I0V2Jepj2sIpW1GKd9pDm3Z9Nji7aeiVOKP7TMpyPWw', 'eyJhbGciOiJIUzI1NiIsInR5cCI6IkpXVCJ9.eyJpZCI6MSwidHlwZSI6ImFkbWluIiwiaWF0IjoxNzU0ODk3MTM2LCJleHAiOjE3NTU1MDE5MzZ9.La5MTXsxSeaOxpObikmgO_A6aWePDSlOKVi6Xs4FCik', '2025-08-12 07:25:36', '2025-08-11 07:25:36', '2025-08-11 07:25:36'),
('admin_1_1754897320705', 1, 'eyJhbGciOiJIUzI1NiIsInR5cCI6IkpXVCJ9.eyJpZCI6MSwiZW1haWwiOiJpbmZvQGJ5bGluZWxlYXJuaW5nLmNvbSIsIm5hbWUiOiJEZW1vIEFkbWluIiwidHlwZSI6ImFkbWluIiwiaWF0IjoxNzU0ODk3MzIwLCJleHAiOjE3NTQ5ODM3MjB9.1wZ2evwdCz2-iaYC6u6wHhJevrbJlEme8qOtWvMZ2A0', 'eyJhbGciOiJIUzI1NiIsInR5cCI6IkpXVCJ9.eyJpZCI6MSwidHlwZSI6ImFkbWluIiwiaWF0IjoxNzU0ODk3MzIwLCJleHAiOjE3NTU1MDIxMjB9.IgacwhtCoGOCnhTcgmnTs3TQTN6S5OeVHJn37xPDCa0', '2025-08-12 07:28:40', '2025-08-11 07:28:40', '2025-08-11 07:28:40'),
('admin_1_1754897791057', 1, 'eyJhbGciOiJIUzI1NiIsInR5cCI6IkpXVCJ9.eyJpZCI6MSwiZW1haWwiOiJpbmZvQGJ5bGluZWxlYXJuaW5nLmNvbSIsIm5hbWUiOiJEZW1vIEFkbWluIiwidHlwZSI6ImFkbWluIiwiaWF0IjoxNzU0ODk3NzkxLCJleHAiOjE3NTQ5ODQxOTF9.MI61dl5iz6BvdfssQyqM7NMmqYueJYvo9mt5Tthumdc', 'eyJhbGciOiJIUzI1NiIsInR5cCI6IkpXVCJ9.eyJpZCI6MSwidHlwZSI6ImFkbWluIiwiaWF0IjoxNzU0ODk3NzkxLCJleHAiOjE3NTU1MDI1OTF9.E9LuuHPYoJB9RizFvdqioYArgjqjczalDs8heIkGgaQ', '2025-08-12 07:36:31', '2025-08-11 07:36:31', '2025-08-11 07:36:31'),
('admin_1_1754898772266', 1, 'eyJhbGciOiJIUzI1NiIsInR5cCI6IkpXVCJ9.eyJpZCI6MSwiZW1haWwiOiJpbmZvQGJ5bGluZWxlYXJuaW5nLmNvbSIsIm5hbWUiOiJEZW1vIEFkbWluIiwidHlwZSI6ImFkbWluIiwiaWF0IjoxNzU0ODk4NzcyLCJleHAiOjE3NTQ5ODUxNzJ9.4xm-E4j0YP6cghK1ZE-vZN60IMuQOBsyPruP9pI0VF8', 'eyJhbGciOiJIUzI1NiIsInR5cCI6IkpXVCJ9.eyJpZCI6MSwidHlwZSI6ImFkbWluIiwiaWF0IjoxNzU0ODk4NzcyLCJleHAiOjE3NTU1MDM1NzJ9.09qBkBkJ0h2SjmuE2ae5LVCciM0lvz4w7u3ZiWLu2GY', '2025-08-12 07:52:52', '2025-08-11 07:52:52', '2025-08-11 07:52:52'),
('admin_1_1754899428679', 1, 'eyJhbGciOiJIUzI1NiIsInR5cCI6IkpXVCJ9.eyJpZCI6MSwiZW1haWwiOiJpbmZvQGJ5bGluZWxlYXJuaW5nLmNvbSIsIm5hbWUiOiJEZW1vIEFkbWluIiwidHlwZSI6ImFkbWluIiwiaWF0IjoxNzU0ODk5NDI4LCJleHAiOjE3NTQ5ODU4Mjh9.v--SxLJHtihu06y715CIBXaM5m6q0ZWFwEvYu1Xfixk', 'eyJhbGciOiJIUzI1NiIsInR5cCI6IkpXVCJ9.eyJpZCI6MSwidHlwZSI6ImFkbWluIiwiaWF0IjoxNzU0ODk5NDI4LCJleHAiOjE3NTU1MDQyMjh9.61mhb0qjkXEUZ-69V1_1QRFXJ8gACNJssfxPLE47gzM', '2025-08-12 08:03:48', '2025-08-11 08:03:48', '2025-08-11 08:03:48'),
('admin_1_1754899559050', 1, 'eyJhbGciOiJIUzI1NiIsInR5cCI6IkpXVCJ9.eyJpZCI6MSwiZW1haWwiOiJpbmZvQGJ5bGluZWxlYXJuaW5nLmNvbSIsIm5hbWUiOiJEZW1vIEFkbWluIiwidHlwZSI6ImFkbWluIiwiaWF0IjoxNzU0ODk5NTU5LCJleHAiOjE3NTQ5ODU5NTl9.UHnMuioQuCdCnHEWg9JpQLEKI1XDTe2n0GAJd-kvr68', 'eyJhbGciOiJIUzI1NiIsInR5cCI6IkpXVCJ9.eyJpZCI6MSwidHlwZSI6ImFkbWluIiwiaWF0IjoxNzU0ODk5NTU5LCJleHAiOjE3NTU1MDQzNTl9.Nx_i7BCygskgOifISJhEaN_GgyP93u9WqKi1DdwVQl4', '2025-08-12 08:05:59', '2025-08-11 08:05:59', '2025-08-11 08:05:59'),
('admin_1_1754899769922', 1, 'eyJhbGciOiJIUzI1NiIsInR5cCI6IkpXVCJ9.eyJpZCI6MSwiZW1haWwiOiJpbmZvQGJ5bGluZWxlYXJuaW5nLmNvbSIsIm5hbWUiOiJEZW1vIEFkbWluIiwidHlwZSI6ImFkbWluIiwiaWF0IjoxNzU0ODk5NzY5LCJleHAiOjE3NTQ5ODYxNjl9.mEQtAC3Yu8nnj3-1TUHYaLovWzdDXftF0PuLrgX2N8M', 'eyJhbGciOiJIUzI1NiIsInR5cCI6IkpXVCJ9.eyJpZCI6MSwidHlwZSI6ImFkbWluIiwiaWF0IjoxNzU0ODk5NzY5LCJleHAiOjE3NTU1MDQ1Njl9.s0C1ayA62tpl3wMeYVJXx_eqUbEkjs9GzclT5OMAxE4', '2025-08-12 08:09:29', '2025-08-11 08:09:29', '2025-08-11 08:09:29'),
('admin_1_1754899780761', 1, 'eyJhbGciOiJIUzI1NiIsInR5cCI6IkpXVCJ9.eyJpZCI6MSwiZW1haWwiOiJpbmZvQGJ5bGluZWxlYXJuaW5nLmNvbSIsIm5hbWUiOiJEZW1vIEFkbWluIiwidHlwZSI6ImFkbWluIiwiaWF0IjoxNzU0ODk5NzgwLCJleHAiOjE3NTQ5ODYxODB9.CIDXNH226uBddG430G3LQU85avdauKCBQCE6cBqJsf0', 'eyJhbGciOiJIUzI1NiIsInR5cCI6IkpXVCJ9.eyJpZCI6MSwidHlwZSI6ImFkbWluIiwiaWF0IjoxNzU0ODk5NzgwLCJleHAiOjE3NTU1MDQ1ODB9.kF2zEdSE326JPXxV5IU9o72Kz2wU3Uwg-3XGqN3rfqg', '2025-08-12 08:09:40', '2025-08-11 08:09:40', '2025-08-11 08:09:40'),
('admin_1_1754900570413', 1, 'eyJhbGciOiJIUzI1NiIsInR5cCI6IkpXVCJ9.eyJpZCI6MSwiZW1haWwiOiJpbmZvQGJ5bGluZWxlYXJuaW5nLmNvbSIsIm5hbWUiOiJEZW1vIEFkbWluIiwidHlwZSI6ImFkbWluIiwiaWF0IjoxNzU0OTAwNTcwLCJleHAiOjE3NTQ5ODY5NzB9.gDnr3K835NgYzzKS3p9MFA5d1EoWfT8dL79w_6Lb-VA', 'eyJhbGciOiJIUzI1NiIsInR5cCI6IkpXVCJ9.eyJpZCI6MSwidHlwZSI6ImFkbWluIiwiaWF0IjoxNzU0OTAwNTcwLCJleHAiOjE3NTU1MDUzNzB9.8PVXAXueI0E0gfkc1Dc8EkWaywLehZfxH7ilE1kZmKE', '2025-08-12 08:22:50', '2025-08-11 08:22:50', '2025-08-11 08:22:50'),
('admin_1_1754900922792', 1, 'eyJhbGciOiJIUzI1NiIsInR5cCI6IkpXVCJ9.eyJpZCI6MSwiZW1haWwiOiJpbmZvQGJ5bGluZWxlYXJuaW5nLmNvbSIsIm5hbWUiOiJEZW1vIEFkbWluIiwidHlwZSI6ImFkbWluIiwiaWF0IjoxNzU0OTAwOTIyLCJleHAiOjE3NTQ5ODczMjJ9.q4vQ0-8DCZwJe8FvLWOEaJJx_djD2Usq-x7JN3Mer1o', 'eyJhbGciOiJIUzI1NiIsInR5cCI6IkpXVCJ9.eyJpZCI6MSwidHlwZSI6ImFkbWluIiwiaWF0IjoxNzU0OTAwOTIyLCJleHAiOjE3NTU1MDU3MjJ9.FmO0l5Qn40Q2xSG-6m-NQStf6HMw-ir6in8yVlQdWWA', '2025-08-12 08:28:42', '2025-08-11 08:28:42', '2025-08-11 08:28:42'),
('admin_1_1754900939200', 1, 'eyJhbGciOiJIUzI1NiIsInR5cCI6IkpXVCJ9.eyJpZCI6MSwiZW1haWwiOiJpbmZvQGJ5bGluZWxlYXJuaW5nLmNvbSIsIm5hbWUiOiJEZW1vIEFkbWluIiwidHlwZSI6ImFkbWluIiwiaWF0IjoxNzU0OTAwOTM5LCJleHAiOjE3NTQ5ODczMzl9.9IS1ayL01aqZadPPabQb3aR2aoWPJ-daYg9ePt4kkjw', 'eyJhbGciOiJIUzI1NiIsInR5cCI6IkpXVCJ9.eyJpZCI6MSwidHlwZSI6ImFkbWluIiwiaWF0IjoxNzU0OTAwOTM5LCJleHAiOjE3NTU1MDU3Mzl9.97Jk6mZoCrmDa_aVjPvHpifYZ3LyZ61pyyGQXIinq7c', '2025-08-12 08:28:59', '2025-08-11 08:28:59', '2025-08-11 08:28:59'),
('admin_1_1754900990250', 1, 'eyJhbGciOiJIUzI1NiIsInR5cCI6IkpXVCJ9.eyJpZCI6MSwiZW1haWwiOiJpbmZvQGJ5bGluZWxlYXJuaW5nLmNvbSIsIm5hbWUiOiJEZW1vIEFkbWluIiwidHlwZSI6ImFkbWluIiwiaWF0IjoxNzU0OTAwOTkwLCJleHAiOjE3NTQ5ODczOTB9.mtQ6w-MHVBjAzvvkEzcrduHnKFPDAeTDXm1EPYQZVjQ', 'eyJhbGciOiJIUzI1NiIsInR5cCI6IkpXVCJ9.eyJpZCI6MSwidHlwZSI6ImFkbWluIiwiaWF0IjoxNzU0OTAwOTkwLCJleHAiOjE3NTU1MDU3OTB9.ONK58O4ev9to0rh-p2U-m60SaOSay6zWBl43CGdrZAE', '2025-08-12 08:29:50', '2025-08-11 08:29:50', '2025-08-11 08:29:50'),
('admin_1_1754901000424', 1, 'eyJhbGciOiJIUzI1NiIsInR5cCI6IkpXVCJ9.eyJpZCI6MSwiZW1haWwiOiJpbmZvQGJ5bGluZWxlYXJuaW5nLmNvbSIsIm5hbWUiOiJEZW1vIEFkbWluIiwidHlwZSI6ImFkbWluIiwiaWF0IjoxNzU0OTAxMDAwLCJleHAiOjE3NTQ5ODc0MDB9.IVi_whJM8nneTHzFme7dzrP1SD6Vtcz2FIxmt20pC6k', 'eyJhbGciOiJIUzI1NiIsInR5cCI6IkpXVCJ9.eyJpZCI6MSwidHlwZSI6ImFkbWluIiwiaWF0IjoxNzU0OTAxMDAwLCJleHAiOjE3NTU1MDU4MDB9.10R9SVLwTi_mL3xc47HjTbZP7b1vRzRddHgyerIMuig', '2025-08-12 08:30:00', '2025-08-11 08:30:00', '2025-08-11 08:30:00'),
('admin_1_1754901086358', 1, 'eyJhbGciOiJIUzI1NiIsInR5cCI6IkpXVCJ9.eyJpZCI6MSwiZW1haWwiOiJpbmZvQGJ5bGluZWxlYXJuaW5nLmNvbSIsIm5hbWUiOiJEZW1vIEFkbWluIiwidHlwZSI6ImFkbWluIiwiaWF0IjoxNzU0OTAxMDg2LCJleHAiOjE3NTQ5ODc0ODZ9.k--pKjGlDxZu57KxLftIhDasIxn1fp3l1oInlK8m0VI', 'eyJhbGciOiJIUzI1NiIsInR5cCI6IkpXVCJ9.eyJpZCI6MSwidHlwZSI6ImFkbWluIiwiaWF0IjoxNzU0OTAxMDg2LCJleHAiOjE3NTU1MDU4ODZ9.VFrl0dtSVMmin0zRwFgcY_400qQuoLBBE7wFnJD2sSE', '2025-08-12 08:31:26', '2025-08-11 08:31:26', '2025-08-11 08:31:26'),
('admin_1_1754902496866', 1, 'eyJhbGciOiJIUzI1NiIsInR5cCI6IkpXVCJ9.eyJpZCI6MSwiZW1haWwiOiJpbmZvQGJ5bGluZWxlYXJuaW5nLmNvbSIsIm5hbWUiOiJEZW1vIEFkbWluIiwidHlwZSI6ImFkbWluIiwiaWF0IjoxNzU0OTAyNDk2LCJleHAiOjE3NTQ5ODg4OTZ9.ZG7tI-qcb8DJWSSvxDY74hVgiGvpsK18lZ17SlkVXSg', 'eyJhbGciOiJIUzI1NiIsInR5cCI6IkpXVCJ9.eyJpZCI6MSwidHlwZSI6ImFkbWluIiwiaWF0IjoxNzU0OTAyNDk2LCJleHAiOjE3NTU1MDcyOTZ9.M3_bdXi0QP5ZZUkT_XqFTRrfPMWalVshzJH_EtbUunQ', '2025-08-12 08:54:56', '2025-08-11 08:54:56', '2025-08-11 08:54:56'),
('admin_1_1754902739912', 1, 'eyJhbGciOiJIUzI1NiIsInR5cCI6IkpXVCJ9.eyJpZCI6MSwiZW1haWwiOiJpbmZvQGJ5bGluZWxlYXJuaW5nLmNvbSIsIm5hbWUiOiJEZW1vIEFkbWluIiwidHlwZSI6ImFkbWluIiwiaWF0IjoxNzU0OTAyNzM5LCJleHAiOjE3NTQ5ODkxMzl9.Eybzj9CHbZYYYX_6awtFAlN2wUGtb4P40gaYsW9ewb8', 'eyJhbGciOiJIUzI1NiIsInR5cCI6IkpXVCJ9.eyJpZCI6MSwidHlwZSI6ImFkbWluIiwiaWF0IjoxNzU0OTAyNzM5LCJleHAiOjE3NTU1MDc1Mzl9.AMipTH5U8L1rJ6YpFEzP2CWn3pgbFrtigpIBhTQF5b4', '2025-08-12 08:58:59', '2025-08-11 08:58:59', '2025-08-11 08:58:59'),
('admin_1_1754902819926', 1, 'eyJhbGciOiJIUzI1NiIsInR5cCI6IkpXVCJ9.eyJpZCI6MSwiZW1haWwiOiJpbmZvQGJ5bGluZWxlYXJuaW5nLmNvbSIsIm5hbWUiOiJEZW1vIEFkbWluIiwidHlwZSI6ImFkbWluIiwiaWF0IjoxNzU0OTAyODE5LCJleHAiOjE3NTQ5ODkyMTl9.t-C0MBm5JE_WfppQQuwt43ayw7j5vIFWYX_nSVkH9qY', 'eyJhbGciOiJIUzI1NiIsInR5cCI6IkpXVCJ9.eyJpZCI6MSwidHlwZSI6ImFkbWluIiwiaWF0IjoxNzU0OTAyODE5LCJleHAiOjE3NTU1MDc2MTl9.9YH27ldS4E27igc-xD9cigyXPVZzI_Hs0BY9NMUEN_s', '2025-08-12 09:00:19', '2025-08-11 09:00:19', '2025-08-11 09:00:19'),
('admin_1_1754903361789', 1, 'eyJhbGciOiJIUzI1NiIsInR5cCI6IkpXVCJ9.eyJpZCI6MSwiZW1haWwiOiJpbmZvQGJ5bGluZWxlYXJuaW5nLmNvbSIsIm5hbWUiOiJEZW1vIEFkbWluIiwidHlwZSI6ImFkbWluIiwiaWF0IjoxNzU0OTAzMzYxLCJleHAiOjE3NTQ5ODk3NjF9.012rJEdKZagmaBwbZ4Myl-xEgY3KxMoFN0n05ekKbXE', 'eyJhbGciOiJIUzI1NiIsInR5cCI6IkpXVCJ9.eyJpZCI6MSwidHlwZSI6ImFkbWluIiwiaWF0IjoxNzU0OTAzMzYxLCJleHAiOjE3NTU1MDgxNjF9.N_IIl4CIlvJ-fdKaiBddZqpLbTLlUuyLLI-0OVAQbag', '2025-08-12 09:09:21', '2025-08-11 09:09:21', '2025-08-11 09:09:21'),
('admin_1_1754905007752', 1, 'eyJhbGciOiJIUzI1NiIsInR5cCI6IkpXVCJ9.eyJpZCI6MSwiZW1haWwiOiJpbmZvQGJ5bGluZWxlYXJuaW5nLmNvbSIsIm5hbWUiOiJEZW1vIEFkbWluIiwidHlwZSI6ImFkbWluIiwiaWF0IjoxNzU0OTA1MDA3LCJleHAiOjE3NTQ5OTE0MDd9.r7P1PZ8XQn8Iqe9_bU34om41pMeKNXGH27sGtYCq8JI', 'eyJhbGciOiJIUzI1NiIsInR5cCI6IkpXVCJ9.eyJpZCI6MSwidHlwZSI6ImFkbWluIiwiaWF0IjoxNzU0OTA1MDA3LCJleHAiOjE3NTU1MDk4MDd9.pSp4UoDJXXD_b1ttrLUfLpVpm4MqQz-btDGdSSl3h34', '2025-08-12 09:36:47', '2025-08-11 09:36:47', '2025-08-11 09:36:47'),
('admin_1_1754905254717', 1, 'eyJhbGciOiJIUzI1NiIsInR5cCI6IkpXVCJ9.eyJpZCI6MSwiZW1haWwiOiJpbmZvQGJ5bGluZWxlYXJuaW5nLmNvbSIsIm5hbWUiOiJEZW1vIEFkbWluIiwidHlwZSI6ImFkbWluIiwiaWF0IjoxNzU0OTA1MjU0LCJleHAiOjE3NTQ5OTE2NTR9.CsQkYk01YkfO4yB4uDKH7gf02bq7boKBuJ7qePOWac0', 'eyJhbGciOiJIUzI1NiIsInR5cCI6IkpXVCJ9.eyJpZCI6MSwidHlwZSI6ImFkbWluIiwiaWF0IjoxNzU0OTA1MjU0LCJleHAiOjE3NTU1MTAwNTR9.rZjDFgQp1wlAmRMmOAOwwPGEPok-XnRXT2fRyOOcLRw', '2025-08-12 09:40:54', '2025-08-11 09:40:54', '2025-08-11 09:40:54'),
('admin_1_1754905403331', 1, 'eyJhbGciOiJIUzI1NiIsInR5cCI6IkpXVCJ9.eyJpZCI6MSwiZW1haWwiOiJpbmZvQGJ5bGluZWxlYXJuaW5nLmNvbSIsIm5hbWUiOiJEZW1vIEFkbWluIiwidHlwZSI6ImFkbWluIiwiaWF0IjoxNzU0OTA1NDAzLCJleHAiOjE3NTQ5OTE4MDN9.hCrbbbUUlWkV5aL2hQMC9kBhlQNbtC2eIE-roDGDKNM', 'eyJhbGciOiJIUzI1NiIsInR5cCI6IkpXVCJ9.eyJpZCI6MSwidHlwZSI6ImFkbWluIiwiaWF0IjoxNzU0OTA1NDAzLCJleHAiOjE3NTU1MTAyMDN9.k9exq5bMLgHWC-Nn5Ap2eB7KytDLfnwcR7TMntjo-_s', '2025-08-12 09:43:23', '2025-08-11 09:43:23', '2025-08-11 09:43:23'),
('admin_1_1754905607865', 1, 'eyJhbGciOiJIUzI1NiIsInR5cCI6IkpXVCJ9.eyJpZCI6MSwiZW1haWwiOiJpbmZvQGJ5bGluZWxlYXJuaW5nLmNvbSIsIm5hbWUiOiJEZW1vIEFkbWluIiwidHlwZSI6ImFkbWluIiwiaWF0IjoxNzU0OTA1NjA3LCJleHAiOjE3NTQ5OTIwMDd9.PEJLQ4DKQu-Mk4DqWpUtSscu-bRCdDSp452WtJCwUEw', 'eyJhbGciOiJIUzI1NiIsInR5cCI6IkpXVCJ9.eyJpZCI6MSwidHlwZSI6ImFkbWluIiwiaWF0IjoxNzU0OTA1NjA3LCJleHAiOjE3NTU1MTA0MDd9.m6S2uYsGKW76wvssxP7td4TvRoZIkcWGjtFa0O3ig70', '2025-08-12 09:46:47', '2025-08-11 09:46:47', '2025-08-11 09:46:47'),
('admin_1_1754905681470', 1, 'eyJhbGciOiJIUzI1NiIsInR5cCI6IkpXVCJ9.eyJpZCI6MSwiZW1haWwiOiJpbmZvQGJ5bGluZWxlYXJuaW5nLmNvbSIsIm5hbWUiOiJEZW1vIEFkbWluIiwidHlwZSI6ImFkbWluIiwiaWF0IjoxNzU0OTA1NjgxLCJleHAiOjE3NTQ5OTIwODF9._zfU9jnD5IihATfOOxN2FyP746U-VEXjhdJEcviXXJc', 'eyJhbGciOiJIUzI1NiIsInR5cCI6IkpXVCJ9.eyJpZCI6MSwidHlwZSI6ImFkbWluIiwiaWF0IjoxNzU0OTA1NjgxLCJleHAiOjE3NTU1MTA0ODF9.X-iVE_a40K8yiNdsjzJsmxCLyyV0wA86StpozH5meKk', '2025-08-12 09:48:01', '2025-08-11 09:48:01', '2025-08-11 09:48:01'),
('admin_1_1754905825452', 1, 'eyJhbGciOiJIUzI1NiIsInR5cCI6IkpXVCJ9.eyJpZCI6MSwiZW1haWwiOiJpbmZvQGJ5bGluZWxlYXJuaW5nLmNvbSIsIm5hbWUiOiJEZW1vIEFkbWluIiwidHlwZSI6ImFkbWluIiwiaWF0IjoxNzU0OTA1ODI1LCJleHAiOjE3NTQ5OTIyMjV9.rc7kOjxn42m8i28p6V4QBA00eE5EtKyLcKuIcqo1Xmc', 'eyJhbGciOiJIUzI1NiIsInR5cCI6IkpXVCJ9.eyJpZCI6MSwidHlwZSI6ImFkbWluIiwiaWF0IjoxNzU0OTA1ODI1LCJleHAiOjE3NTU1MTA2MjV9.pUPEd3a9GmtuRsm1rf_cn39yWpx2SRiDOhG4v5m6TXY', '2025-08-12 09:50:25', '2025-08-11 09:50:25', '2025-08-11 09:50:25'),
('admin_1_1754906287826', 1, 'eyJhbGciOiJIUzI1NiIsInR5cCI6IkpXVCJ9.eyJpZCI6MSwiZW1haWwiOiJpbmZvQGJ5bGluZWxlYXJuaW5nLmNvbSIsIm5hbWUiOiJEZW1vIEFkbWluIiwidHlwZSI6ImFkbWluIiwiaWF0IjoxNzU0OTA2Mjg3LCJleHAiOjE3NTQ5OTI2ODd9.m9BYyoodz-E82xnAH8s4Kg332qw9QcqNvFdur2qCJzg', 'eyJhbGciOiJIUzI1NiIsInR5cCI6IkpXVCJ9.eyJpZCI6MSwidHlwZSI6ImFkbWluIiwiaWF0IjoxNzU0OTA2Mjg3LCJleHAiOjE3NTU1MTEwODd9.43Hu4Zq6FoGprihEpOzzyYuEOC9kDisBHxnjxyxYrxw', '2025-08-12 09:58:07', '2025-08-11 09:58:07', '2025-08-11 09:58:07'),
('admin_1_1754906300012', 1, 'eyJhbGciOiJIUzI1NiIsInR5cCI6IkpXVCJ9.eyJpZCI6MSwiZW1haWwiOiJpbmZvQGJ5bGluZWxlYXJuaW5nLmNvbSIsIm5hbWUiOiJEZW1vIEFkbWluIiwidHlwZSI6ImFkbWluIiwiaWF0IjoxNzU0OTA2MzAwLCJleHAiOjE3NTQ5OTI3MDB9.0o33s-4hocATkBHOafyHRsr_S14bT-kQwolnooIbJgw', 'eyJhbGciOiJIUzI1NiIsInR5cCI6IkpXVCJ9.eyJpZCI6MSwidHlwZSI6ImFkbWluIiwiaWF0IjoxNzU0OTA2MzAwLCJleHAiOjE3NTU1MTExMDB9.b8ZL5lNoBKRMCxsB2KdgM0FvWDzVk8ED61Ayg2ijM8k', '2025-08-12 09:58:20', '2025-08-11 09:58:20', '2025-08-11 09:58:20'),
('admin_1_1754907442744', 1, 'eyJhbGciOiJIUzI1NiIsInR5cCI6IkpXVCJ9.eyJpZCI6MSwiZW1haWwiOiJpbmZvQGJ5bGluZWxlYXJuaW5nLmNvbSIsIm5hbWUiOiJEZW1vIEFkbWluIiwidHlwZSI6ImFkbWluIiwiaWF0IjoxNzU0OTA3NDQyLCJleHAiOjE3NTQ5OTM4NDJ9.WZXUMFXYwM2Tw6cEiSyL_-TBiXVB7pbPyVdGUYtCM3w', 'eyJhbGciOiJIUzI1NiIsInR5cCI6IkpXVCJ9.eyJpZCI6MSwidHlwZSI6ImFkbWluIiwiaWF0IjoxNzU0OTA3NDQyLCJleHAiOjE3NTU1MTIyNDJ9.dYnXtxhz1jWfr3I5Hi8idK11419bRg4Sqeyt3lReftQ', '2025-08-12 10:17:22', '2025-08-11 10:17:22', '2025-08-11 10:17:22'),
('admin_1_1754907449909', 1, 'eyJhbGciOiJIUzI1NiIsInR5cCI6IkpXVCJ9.eyJpZCI6MSwiZW1haWwiOiJpbmZvQGJ5bGluZWxlYXJuaW5nLmNvbSIsIm5hbWUiOiJEZW1vIEFkbWluIiwidHlwZSI6ImFkbWluIiwiaWF0IjoxNzU0OTA3NDQ5LCJleHAiOjE3NTQ5OTM4NDl9.Ws0MQhfWr05gmOERfqJz__4Hef3USP-aTneaM0il8gw', 'eyJhbGciOiJIUzI1NiIsInR5cCI6IkpXVCJ9.eyJpZCI6MSwidHlwZSI6ImFkbWluIiwiaWF0IjoxNzU0OTA3NDQ5LCJleHAiOjE3NTU1MTIyNDl9.eGSiFiz9CSpJP9XuTGb7KfOjGBFlkvbgqNsnAMcyI_s', '2025-08-12 10:17:29', '2025-08-11 10:17:29', '2025-08-11 10:17:29'),
('admin_1_1754907540732', 1, 'eyJhbGciOiJIUzI1NiIsInR5cCI6IkpXVCJ9.eyJpZCI6MSwiZW1haWwiOiJpbmZvQGJ5bGluZWxlYXJuaW5nLmNvbSIsIm5hbWUiOiJEZW1vIEFkbWluIiwidHlwZSI6ImFkbWluIiwiaWF0IjoxNzU0OTA3NTQwLCJleHAiOjE3NTQ5OTM5NDB9.A6pQ6bYcquDzjiY56iUYU03p6C0D5la79DG0wTRCHfc', 'eyJhbGciOiJIUzI1NiIsInR5cCI6IkpXVCJ9.eyJpZCI6MSwidHlwZSI6ImFkbWluIiwiaWF0IjoxNzU0OTA3NTQwLCJleHAiOjE3NTU1MTIzNDB9.nnbAVhVjmjygFQpf_pyLmCGB8qseDntzV8buueRcuic', '2025-08-12 10:19:00', '2025-08-11 10:19:00', '2025-08-11 10:19:00'),
('admin_1_1754907866522', 1, 'eyJhbGciOiJIUzI1NiIsInR5cCI6IkpXVCJ9.eyJpZCI6MSwiZW1haWwiOiJpbmZvQGJ5bGluZWxlYXJuaW5nLmNvbSIsIm5hbWUiOiJEZW1vIEFkbWluIiwidHlwZSI6ImFkbWluIiwiaWF0IjoxNzU0OTA3ODY2LCJleHAiOjE3NTQ5OTQyNjZ9.3EXtXA78aozOibC8RJfE1-imvssZPXhnvFoaqw2GBS4', 'eyJhbGciOiJIUzI1NiIsInR5cCI6IkpXVCJ9.eyJpZCI6MSwidHlwZSI6ImFkbWluIiwiaWF0IjoxNzU0OTA3ODY2LCJleHAiOjE3NTU1MTI2NjZ9.WgMYv_L7rZeX2GUWG28swsXtOfn9kKUwFajnd4P9vTE', '2025-08-12 10:24:26', '2025-08-11 10:24:26', '2025-08-11 10:24:26'),
('admin_1_1754907936436', 1, 'eyJhbGciOiJIUzI1NiIsInR5cCI6IkpXVCJ9.eyJpZCI6MSwiZW1haWwiOiJpbmZvQGJ5bGluZWxlYXJuaW5nLmNvbSIsIm5hbWUiOiJEZW1vIEFkbWluIiwidHlwZSI6ImFkbWluIiwiaWF0IjoxNzU0OTA3OTM2LCJleHAiOjE3NTQ5OTQzMzZ9.YRpsZrPT6zwnGbvLe0ICS2WtGMCmQqDPHg4qKcZ4XXo', 'eyJhbGciOiJIUzI1NiIsInR5cCI6IkpXVCJ9.eyJpZCI6MSwidHlwZSI6ImFkbWluIiwiaWF0IjoxNzU0OTA3OTM2LCJleHAiOjE3NTU1MTI3MzZ9.nv50pdVajHM3iD41Vo0cm0LuD145473Cv1zAGiKMGgU', '2025-08-12 10:25:36', '2025-08-11 10:25:36', '2025-08-11 10:25:36'),
('admin_1_1754908186081', 1, 'eyJhbGciOiJIUzI1NiIsInR5cCI6IkpXVCJ9.eyJpZCI6MSwiZW1haWwiOiJpbmZvQGJ5bGluZWxlYXJuaW5nLmNvbSIsIm5hbWUiOiJEZW1vIEFkbWluIiwidHlwZSI6ImFkbWluIiwiaWF0IjoxNzU0OTA4MTg2LCJleHAiOjE3NTQ5OTQ1ODZ9.TMn1Ua0jZHCYi63SszKm9EjflZBPHQTtvZxX5xIXt68', 'eyJhbGciOiJIUzI1NiIsInR5cCI6IkpXVCJ9.eyJpZCI6MSwidHlwZSI6ImFkbWluIiwiaWF0IjoxNzU0OTA4MTg2LCJleHAiOjE3NTU1MTI5ODZ9.qB5JjE6lJp4vOi0eilMVLWfZ3MAyvKalSD8BXym4UPo', '2025-08-12 10:29:46', '2025-08-11 10:29:46', '2025-08-11 10:29:46'),
('admin_1_1754908419486', 1, 'eyJhbGciOiJIUzI1NiIsInR5cCI6IkpXVCJ9.eyJpZCI6MSwiZW1haWwiOiJpbmZvQGJ5bGluZWxlYXJuaW5nLmNvbSIsIm5hbWUiOiJEZW1vIEFkbWluIiwidHlwZSI6ImFkbWluIiwiaWF0IjoxNzU0OTA4NDE5LCJleHAiOjE3NTQ5OTQ4MTl9.B5EC9KuLZlgFL0GsIvp3nx_117wTd6xJy1t9QiQ9Cs8', 'eyJhbGciOiJIUzI1NiIsInR5cCI6IkpXVCJ9.eyJpZCI6MSwidHlwZSI6ImFkbWluIiwiaWF0IjoxNzU0OTA4NDE5LCJleHAiOjE3NTU1MTMyMTl9.3W4hhmaixd-LBAW9s1chi_QMvOJzxpQgOLnF3pZB8uw', '2025-08-12 10:33:39', '2025-08-11 10:33:39', '2025-08-11 10:33:39'),
('admin_1_1754908519769', 1, 'eyJhbGciOiJIUzI1NiIsInR5cCI6IkpXVCJ9.eyJpZCI6MSwiZW1haWwiOiJpbmZvQGJ5bGluZWxlYXJuaW5nLmNvbSIsIm5hbWUiOiJEZW1vIEFkbWluIiwidHlwZSI6ImFkbWluIiwiaWF0IjoxNzU0OTA4NTE5LCJleHAiOjE3NTQ5OTQ5MTl9.rEy2Hq2Re8yIDCJeDBY9YjoeSULQ37ZZ7ilQF1k-SIE', 'eyJhbGciOiJIUzI1NiIsInR5cCI6IkpXVCJ9.eyJpZCI6MSwidHlwZSI6ImFkbWluIiwiaWF0IjoxNzU0OTA4NTE5LCJleHAiOjE3NTU1MTMzMTl9.GOHbrQu_Uuy2NDSNpq4iO-nW6T03N3sP77vcdXYYK-c', '2025-08-12 10:35:19', '2025-08-11 10:35:19', '2025-08-11 10:35:19'),
('admin_1_1754908582904', 1, 'eyJhbGciOiJIUzI1NiIsInR5cCI6IkpXVCJ9.eyJpZCI6MSwiZW1haWwiOiJpbmZvQGJ5bGluZWxlYXJuaW5nLmNvbSIsIm5hbWUiOiJEZW1vIEFkbWluIiwidHlwZSI6ImFkbWluIiwiaWF0IjoxNzU0OTA4NTgyLCJleHAiOjE3NTQ5OTQ5ODJ9.lbjHLT0ViG88HTuU0roQeVUc3k1pJWasuOsgkB_izGg', 'eyJhbGciOiJIUzI1NiIsInR5cCI6IkpXVCJ9.eyJpZCI6MSwidHlwZSI6ImFkbWluIiwiaWF0IjoxNzU0OTA4NTgyLCJleHAiOjE3NTU1MTMzODJ9.ORzFiwTOI3xgpb_no_4omjTuZ7Fk3wVmVMlDJ6ztSJ4', '2025-08-12 10:36:22', '2025-08-11 10:36:22', '2025-08-11 10:36:22'),
('admin_1_1754909208936', 1, 'eyJhbGciOiJIUzI1NiIsInR5cCI6IkpXVCJ9.eyJpZCI6MSwiZW1haWwiOiJpbmZvQGJ5bGluZWxlYXJuaW5nLmNvbSIsIm5hbWUiOiJEZW1vIEFkbWluIiwidHlwZSI6ImFkbWluIiwiaWF0IjoxNzU0OTA5MjA4LCJleHAiOjE3NTQ5OTU2MDh9.wLwyRsZO1McnNSjievEWe0rWc80J_EaVEGR3dnzD7Vs', 'eyJhbGciOiJIUzI1NiIsInR5cCI6IkpXVCJ9.eyJpZCI6MSwidHlwZSI6ImFkbWluIiwiaWF0IjoxNzU0OTA5MjA4LCJleHAiOjE3NTU1MTQwMDh9.P1yIIZGD_rJvtrJmdo30bCtjWflxqLlXlWFqNCFJeqA', '2025-08-12 10:46:48', '2025-08-11 10:46:48', '2025-08-11 10:46:48'),
('admin_1_1754910875860', 1, 'eyJhbGciOiJIUzI1NiIsInR5cCI6IkpXVCJ9.eyJpZCI6MSwiZW1haWwiOiJpbmZvQGJ5bGluZWxlYXJuaW5nLmNvbSIsIm5hbWUiOiJEZW1vIEFkbWluIiwidHlwZSI6ImFkbWluIiwiaWF0IjoxNzU0OTEwODc1LCJleHAiOjE3NTQ5OTcyNzV9.IYRFnnpFVtm7i9cQDnTvcxFEvlzxRgM-OvowvgPuK8o', 'eyJhbGciOiJIUzI1NiIsInR5cCI6IkpXVCJ9.eyJpZCI6MSwidHlwZSI6ImFkbWluIiwiaWF0IjoxNzU0OTEwODc1LCJleHAiOjE3NTU1MTU2NzV9.OF4g8ouANHZKGtdTSMxGPQ2946msN7HvwLnTRA2IRZQ', '2025-08-12 11:14:35', '2025-08-11 11:14:35', '2025-08-11 11:14:35'),
('admin_1_1754911637846', 1, 'eyJhbGciOiJIUzI1NiIsInR5cCI6IkpXVCJ9.eyJpZCI6MSwiZW1haWwiOiJpbmZvQGJ5bGluZWxlYXJuaW5nLmNvbSIsIm5hbWUiOiJEZW1vIEFkbWluIiwidHlwZSI6ImFkbWluIiwiaWF0IjoxNzU0OTExNjM3LCJleHAiOjE3NTQ5OTgwMzd9.GJlYnve_UDBaC853nyVRaTkAE5--0A4Kq9ThwVv7EHk', 'eyJhbGciOiJIUzI1NiIsInR5cCI6IkpXVCJ9.eyJpZCI6MSwidHlwZSI6ImFkbWluIiwiaWF0IjoxNzU0OTExNjM3LCJleHAiOjE3NTU1MTY0Mzd9.5U8WLFXJ1wO9WXEqAlgC7hNYNSFuTLBMaNOjBFnvseU', '2025-08-12 11:27:17', '2025-08-11 11:27:17', '2025-08-11 11:27:17'),
('admin_1_1754912244494', 1, 'eyJhbGciOiJIUzI1NiIsInR5cCI6IkpXVCJ9.eyJpZCI6MSwiZW1haWwiOiJpbmZvQGJ5bGluZWxlYXJuaW5nLmNvbSIsIm5hbWUiOiJEZW1vIEFkbWluIiwidHlwZSI6ImFkbWluIiwiaWF0IjoxNzU0OTEyMjQ0LCJleHAiOjE3NTQ5OTg2NDR9.GeWIygT1JaKgtyChI0zeDMXkR6PXEdLOII09r8FpcXY', 'eyJhbGciOiJIUzI1NiIsInR5cCI6IkpXVCJ9.eyJpZCI6MSwidHlwZSI6ImFkbWluIiwiaWF0IjoxNzU0OTEyMjQ0LCJleHAiOjE3NTU1MTcwNDR9.1c3MRgCOp_Nl9yqhH3ZGe_gHEQZZM9tnUSDQZNqv1R4', '2025-08-12 11:37:24', '2025-08-11 11:37:24', '2025-08-11 11:37:24'),
('admin_1_1754913896636', 1, 'eyJhbGciOiJIUzI1NiIsInR5cCI6IkpXVCJ9.eyJpZCI6MSwiZW1haWwiOiJpbmZvQGJ5bGluZWxlYXJuaW5nLmNvbSIsIm5hbWUiOiJEZW1vIEFkbWluIiwidHlwZSI6ImFkbWluIiwiaWF0IjoxNzU0OTEzODk2LCJleHAiOjE3NTUwMDAyOTZ9.cynI5Q0LyU-iBI8kZW5zYskTjn7c1BPuNkkQ6vGQv2c', 'eyJhbGciOiJIUzI1NiIsInR5cCI6IkpXVCJ9.eyJpZCI6MSwidHlwZSI6ImFkbWluIiwiaWF0IjoxNzU0OTEzODk2LCJleHAiOjE3NTU1MTg2OTZ9.Kc0TFdKt9G9tyaY-ZwLe1eypuVr8yqlplSHMCHMIneM', '2025-08-12 12:04:56', '2025-08-11 12:04:56', '2025-08-11 12:04:56'),
('admin_1_1754914151109', 1, 'eyJhbGciOiJIUzI1NiIsInR5cCI6IkpXVCJ9.eyJpZCI6MSwiZW1haWwiOiJpbmZvQGJ5bGluZWxlYXJuaW5nLmNvbSIsIm5hbWUiOiJEZW1vIEFkbWluIiwidHlwZSI6ImFkbWluIiwiaWF0IjoxNzU0OTE0MTUxLCJleHAiOjE3NTUwMDA1NTF9.-kximmoUA1dVEwhTAKNiIC8sN3nhClqZKKLZPyn-0fI', 'eyJhbGciOiJIUzI1NiIsInR5cCI6IkpXVCJ9.eyJpZCI6MSwidHlwZSI6ImFkbWluIiwiaWF0IjoxNzU0OTE0MTUxLCJleHAiOjE3NTU1MTg5NTF9.G8Tn4hd3yjnUHU3ugfAWB5BC28Ff0U9EaJd2WmMlkzU', '2025-08-12 12:09:11', '2025-08-11 12:09:11', '2025-08-11 12:09:11'),
('admin_1_1754914513038', 1, 'eyJhbGciOiJIUzI1NiIsInR5cCI6IkpXVCJ9.eyJpZCI6MSwiZW1haWwiOiJpbmZvQGJ5bGluZWxlYXJuaW5nLmNvbSIsIm5hbWUiOiJEZW1vIEFkbWluIiwidHlwZSI6ImFkbWluIiwiaWF0IjoxNzU0OTE0NTEzLCJleHAiOjE3NTUwMDA5MTN9.RayiNfYCtSAjZQv2TliIgQ3jVBPj0tcvzPYnBtwZLHQ', 'eyJhbGciOiJIUzI1NiIsInR5cCI6IkpXVCJ9.eyJpZCI6MSwidHlwZSI6ImFkbWluIiwiaWF0IjoxNzU0OTE0NTEzLCJleHAiOjE3NTU1MTkzMTN9.yXwSWb3tR7ozza5sde8XT8EBLTQBgo3qgWGDM2YNBa8', '2025-08-12 12:15:13', '2025-08-11 12:15:13', '2025-08-11 12:15:13'),
('admin_1_1754914736552', 1, 'eyJhbGciOiJIUzI1NiIsInR5cCI6IkpXVCJ9.eyJpZCI6MSwiZW1haWwiOiJpbmZvQGJ5bGluZWxlYXJuaW5nLmNvbSIsIm5hbWUiOiJEZW1vIEFkbWluIiwidHlwZSI6ImFkbWluIiwiaWF0IjoxNzU0OTE0NzM2LCJleHAiOjE3NTUwMDExMzZ9.KwhYAdd6lltQ6yJiP4qPMQX7QeduMrd-1z_VuET3HEI', 'eyJhbGciOiJIUzI1NiIsInR5cCI6IkpXVCJ9.eyJpZCI6MSwidHlwZSI6ImFkbWluIiwiaWF0IjoxNzU0OTE0NzM2LCJleHAiOjE3NTU1MTk1MzZ9.9d5FTFYewmPXZCMwnQI7jhvtV3Sx0VE-FEQ7iEqr5yc', '2025-08-12 12:18:56', '2025-08-11 12:18:56', '2025-08-11 12:18:56'),
('admin_1_1754915032162', 1, 'eyJhbGciOiJIUzI1NiIsInR5cCI6IkpXVCJ9.eyJpZCI6MSwiZW1haWwiOiJpbmZvQGJ5bGluZWxlYXJuaW5nLmNvbSIsIm5hbWUiOiJEZW1vIEFkbWluIiwidHlwZSI6ImFkbWluIiwiaWF0IjoxNzU0OTE1MDMyLCJleHAiOjE3NTUwMDE0MzJ9.F5i-KJeQPiSm5_Bl-exp96aBbes0qkaylsHMcfqLCWA', 'eyJhbGciOiJIUzI1NiIsInR5cCI6IkpXVCJ9.eyJpZCI6MSwidHlwZSI6ImFkbWluIiwiaWF0IjoxNzU0OTE1MDMyLCJleHAiOjE3NTU1MTk4MzJ9.0nfb1umgInD-ucMCFCWsTPhuL25CJ3BLpZb_NAWSg0A', '2025-08-12 12:23:52', '2025-08-11 12:23:52', '2025-08-11 12:23:52'),
('admin_1_1754915417380', 1, 'eyJhbGciOiJIUzI1NiIsInR5cCI6IkpXVCJ9.eyJpZCI6MSwiZW1haWwiOiJpbmZvQGJ5bGluZWxlYXJuaW5nLmNvbSIsIm5hbWUiOiJEZW1vIEFkbWluIiwidHlwZSI6ImFkbWluIiwiaWF0IjoxNzU0OTE1NDE3LCJleHAiOjE3NTUwMDE4MTd9.HhlEhl45WwAhiqQYKltt_hC0_1Zlpoho5nkSI78yF38', 'eyJhbGciOiJIUzI1NiIsInR5cCI6IkpXVCJ9.eyJpZCI6MSwidHlwZSI6ImFkbWluIiwiaWF0IjoxNzU0OTE1NDE3LCJleHAiOjE3NTU1MjAyMTd9.u9eoAZNoi6oyDCpPJ3hJZ_rwnFUPeuja1ZQJu-a3iSM', '2025-08-12 12:30:17', '2025-08-11 12:30:17', '2025-08-11 12:30:17'),
('admin_1_1754915604350', 1, 'eyJhbGciOiJIUzI1NiIsInR5cCI6IkpXVCJ9.eyJpZCI6MSwiZW1haWwiOiJpbmZvQGJ5bGluZWxlYXJuaW5nLmNvbSIsIm5hbWUiOiJEZW1vIEFkbWluIiwidHlwZSI6ImFkbWluIiwiaWF0IjoxNzU0OTE1NjA0LCJleHAiOjE3NTUwMDIwMDR9.pznuopwV6VOz1hzgZ9QwP9LmEW9JpIPKRzGcoZAoEes', 'eyJhbGciOiJIUzI1NiIsInR5cCI6IkpXVCJ9.eyJpZCI6MSwidHlwZSI6ImFkbWluIiwiaWF0IjoxNzU0OTE1NjA0LCJleHAiOjE3NTU1MjA0MDR9.xTFchkM1zehWDVAGLbEtI3rC2uR6hFp4hFSq68hN5Do', '2025-08-12 12:33:24', '2025-08-11 12:33:24', '2025-08-11 12:33:24'),
('admin_1_1754915861888', 1, 'eyJhbGciOiJIUzI1NiIsInR5cCI6IkpXVCJ9.eyJpZCI6MSwiZW1haWwiOiJpbmZvQGJ5bGluZWxlYXJuaW5nLmNvbSIsIm5hbWUiOiJEZW1vIEFkbWluIiwidHlwZSI6ImFkbWluIiwiaWF0IjoxNzU0OTE1ODYxLCJleHAiOjE3NTUwMDIyNjF9.cVHp3o-ya-96MTO8bm81LgYCIxA7nHb2of8Guv6FYEQ', 'eyJhbGciOiJIUzI1NiIsInR5cCI6IkpXVCJ9.eyJpZCI6MSwidHlwZSI6ImFkbWluIiwiaWF0IjoxNzU0OTE1ODYxLCJleHAiOjE3NTU1MjA2NjF9.lHaBZlPK3UUhuu83jp5CLL6Fwm83uC8eg5QgebxJz8M', '2025-08-12 12:37:41', '2025-08-11 12:37:41', '2025-08-11 12:37:41'),
('admin_1_1754916155433', 1, 'eyJhbGciOiJIUzI1NiIsInR5cCI6IkpXVCJ9.eyJpZCI6MSwiZW1haWwiOiJpbmZvQGJ5bGluZWxlYXJuaW5nLmNvbSIsIm5hbWUiOiJEZW1vIEFkbWluIiwidHlwZSI6ImFkbWluIiwiaWF0IjoxNzU0OTE2MTU1LCJleHAiOjE3NTUwMDI1NTV9.Z-a0sLISoLknnElBZoMRQqJE8DQjmYtaLLnrsphigQo', 'eyJhbGciOiJIUzI1NiIsInR5cCI6IkpXVCJ9.eyJpZCI6MSwidHlwZSI6ImFkbWluIiwiaWF0IjoxNzU0OTE2MTU1LCJleHAiOjE3NTU1MjA5NTV9.-gUGeZ4WVwcHnhEFi1fuUwEgxe4L1BdnIlqSzHEYHuA', '2025-08-12 12:42:35', '2025-08-11 12:42:35', '2025-08-11 12:42:35'),
('admin_1_1754916167965', 1, 'eyJhbGciOiJIUzI1NiIsInR5cCI6IkpXVCJ9.eyJpZCI6MSwiZW1haWwiOiJpbmZvQGJ5bGluZWxlYXJuaW5nLmNvbSIsIm5hbWUiOiJEZW1vIEFkbWluIiwidHlwZSI6ImFkbWluIiwiaWF0IjoxNzU0OTE2MTY3LCJleHAiOjE3NTUwMDI1Njd9.7twEhno543M2DYiLdzqme_mSbOq1iYIkA6-IJZPazgU', 'eyJhbGciOiJIUzI1NiIsInR5cCI6IkpXVCJ9.eyJpZCI6MSwidHlwZSI6ImFkbWluIiwiaWF0IjoxNzU0OTE2MTY3LCJleHAiOjE3NTU1MjA5Njd9.kOtz642OLPxtiyfxoNqet3cbTDvYFUtgZga8SJBJUQw', '2025-08-12 12:42:47', '2025-08-11 12:42:47', '2025-08-11 12:42:47'),
('admin_1_1754916500183', 1, 'eyJhbGciOiJIUzI1NiIsInR5cCI6IkpXVCJ9.eyJpZCI6MSwiZW1haWwiOiJpbmZvQGJ5bGluZWxlYXJuaW5nLmNvbSIsIm5hbWUiOiJEZW1vIEFkbWluIiwidHlwZSI6ImFkbWluIiwiaWF0IjoxNzU0OTE2NTAwLCJleHAiOjE3NTUwMDI5MDB9.l_IEK3THtEvOALqDjquRVHnx6__FI4klboznj5sYz3M', 'eyJhbGciOiJIUzI1NiIsInR5cCI6IkpXVCJ9.eyJpZCI6MSwidHlwZSI6ImFkbWluIiwiaWF0IjoxNzU0OTE2NTAwLCJleHAiOjE3NTU1MjEzMDB9.Vpm4yG-Jyl0RhUNT80QNITh2w8gKlFH173aSu-HX89A', '2025-08-12 12:48:20', '2025-08-11 12:48:20', '2025-08-11 12:48:20'),
('admin_1_1754916811346', 1, 'eyJhbGciOiJIUzI1NiIsInR5cCI6IkpXVCJ9.eyJpZCI6MSwiZW1haWwiOiJpbmZvQGJ5bGluZWxlYXJuaW5nLmNvbSIsIm5hbWUiOiJEZW1vIEFkbWluIiwidHlwZSI6ImFkbWluIiwiaWF0IjoxNzU0OTE2ODExLCJleHAiOjE3NTUwMDMyMTF9.P0BwLyOpTtbJxjXjiUYpb-WQI9CinnPh1V2iymuGlOU', 'eyJhbGciOiJIUzI1NiIsInR5cCI6IkpXVCJ9.eyJpZCI6MSwidHlwZSI6ImFkbWluIiwiaWF0IjoxNzU0OTE2ODExLCJleHAiOjE3NTU1MjE2MTF9.GttBhCWkqxw7Ly4bUogO1m4YQ2L5Sa7qkeuQeNHG1GQ', '2025-08-12 12:53:31', '2025-08-11 12:53:31', '2025-08-11 12:53:31'),
('admin_1_1754916847502', 1, 'eyJhbGciOiJIUzI1NiIsInR5cCI6IkpXVCJ9.eyJpZCI6MSwiZW1haWwiOiJpbmZvQGJ5bGluZWxlYXJuaW5nLmNvbSIsIm5hbWUiOiJEZW1vIEFkbWluIiwidHlwZSI6ImFkbWluIiwiaWF0IjoxNzU0OTE2ODQ3LCJleHAiOjE3NTUwMDMyNDd9.HN91-9TZ2Ul1sa7oNo-dCsINT-hbgl-6TrSJZF-c6MU', 'eyJhbGciOiJIUzI1NiIsInR5cCI6IkpXVCJ9.eyJpZCI6MSwidHlwZSI6ImFkbWluIiwiaWF0IjoxNzU0OTE2ODQ3LCJleHAiOjE3NTU1MjE2NDd9.etS0HH-eqicsgq2m0euO_I_UA9op8lqSdRcaaL-6Mzk', '2025-08-12 12:54:07', '2025-08-11 12:54:07', '2025-08-11 12:54:07'),
('admin_1_1754917958171', 1, 'eyJhbGciOiJIUzI1NiIsInR5cCI6IkpXVCJ9.eyJpZCI6MSwiZW1haWwiOiJpbmZvQGJ5bGluZWxlYXJuaW5nLmNvbSIsIm5hbWUiOiJEZW1vIEFkbWluIiwidHlwZSI6ImFkbWluIiwiaWF0IjoxNzU0OTE3OTU4LCJleHAiOjE3NTUwMDQzNTh9.NPzyUPx3I3Xa9e1zv7Wbt7zmkANGAk_jXLtoNWCkYFg', 'eyJhbGciOiJIUzI1NiIsInR5cCI6IkpXVCJ9.eyJpZCI6MSwidHlwZSI6ImFkbWluIiwiaWF0IjoxNzU0OTE3OTU4LCJleHAiOjE3NTU1MjI3NTh9._leLU_ec8vRRVbD6Wm1kXk-8pZCL11ckwmQrdNPYGzQ', '2025-08-12 13:12:38', '2025-08-11 13:12:38', '2025-08-11 13:12:38'),
('admin_1_1754919313718', 1, 'eyJhbGciOiJIUzI1NiIsInR5cCI6IkpXVCJ9.eyJpZCI6MSwiZW1haWwiOiJpbmZvQGJ5bGluZWxlYXJuaW5nLmNvbSIsIm5hbWUiOiJEZW1vIEFkbWluIiwidHlwZSI6ImFkbWluIiwiaWF0IjoxNzU0OTE5MzEzLCJleHAiOjE3NTUwMDU3MTN9.7gQjBpbzHdjML75CqMwWgMX-2Jt8yohrtbNSFgKpevI', 'eyJhbGciOiJIUzI1NiIsInR5cCI6IkpXVCJ9.eyJpZCI6MSwidHlwZSI6ImFkbWluIiwiaWF0IjoxNzU0OTE5MzEzLCJleHAiOjE3NTU1MjQxMTN9.oE58zc96Iva2zPraEfqywrKN8Zi08yYAc-39qQ1wp6c', '2025-08-12 13:35:13', '2025-08-11 13:35:13', '2025-08-11 13:35:13'),
('admin_1_1754976500588', 1, 'eyJhbGciOiJIUzI1NiIsInR5cCI6IkpXVCJ9.eyJpZCI6MSwiZW1haWwiOiJpbmZvQGJ5bGluZWxlYXJuaW5nLmNvbSIsIm5hbWUiOiJEZW1vIEFkbWluIiwidHlwZSI6ImFkbWluIiwiaWF0IjoxNzU0OTc2NTAwLCJleHAiOjE3NTUwNjI5MDB9.Yo0UjMAEhxUM7fMCHM9wbVqQ3W1-Wxv4_AO8dLwfdNY', 'eyJhbGciOiJIUzI1NiIsInR5cCI6IkpXVCJ9.eyJpZCI6MSwidHlwZSI6ImFkbWluIiwiaWF0IjoxNzU0OTc2NTAwLCJleHAiOjE3NTU1ODEzMDB9.v-F4jXR_YcAfxh6iXUXU29SOzKPYbX71bdj7uIxGm54', '2025-08-13 05:28:20', '2025-08-12 05:28:20', '2025-08-12 05:28:20'),
('admin_1_1754976610981', 1, 'eyJhbGciOiJIUzI1NiIsInR5cCI6IkpXVCJ9.eyJpZCI6MSwiZW1haWwiOiJpbmZvQGJ5bGluZWxlYXJuaW5nLmNvbSIsIm5hbWUiOiJEZW1vIEFkbWluIiwidHlwZSI6ImFkbWluIiwiaWF0IjoxNzU0OTc2NjEwLCJleHAiOjE3NTUwNjMwMTB9.0SFNTxTwhP2dS_Z25basnmcvzQYjcYQbarWtS2I21oo', 'eyJhbGciOiJIUzI1NiIsInR5cCI6IkpXVCJ9.eyJpZCI6MSwidHlwZSI6ImFkbWluIiwiaWF0IjoxNzU0OTc2NjEwLCJleHAiOjE3NTU1ODE0MTB9.nLuZ7BE3prCm8D-ku2pNOIdnF16u869NoiHi_XpBrcs', '2025-08-13 05:30:10', '2025-08-12 05:30:10', '2025-08-12 05:30:10'),
('admin_1_1754976674949', 1, 'eyJhbGciOiJIUzI1NiIsInR5cCI6IkpXVCJ9.eyJpZCI6MSwiZW1haWwiOiJpbmZvQGJ5bGluZWxlYXJuaW5nLmNvbSIsIm5hbWUiOiJEZW1vIEFkbWluIiwidHlwZSI6ImFkbWluIiwiaWF0IjoxNzU0OTc2Njc0LCJleHAiOjE3NTUwNjMwNzR9.1PTGrh_SzetWF3WpHj0ticKRBcZuLcrawesml8qNj7o', 'eyJhbGciOiJIUzI1NiIsInR5cCI6IkpXVCJ9.eyJpZCI6MSwidHlwZSI6ImFkbWluIiwiaWF0IjoxNzU0OTc2Njc0LCJleHAiOjE3NTU1ODE0NzR9.LVGv2dZjC8NTjAjpHP4TloVUJeWq0CWJYDfTDXCS4M8', '2025-08-13 05:31:14', '2025-08-12 05:31:14', '2025-08-12 05:31:14'),
('admin_1_1754977053238', 1, 'eyJhbGciOiJIUzI1NiIsInR5cCI6IkpXVCJ9.eyJpZCI6MSwiZW1haWwiOiJpbmZvQGJ5bGluZWxlYXJuaW5nLmNvbSIsIm5hbWUiOiJEZW1vIEFkbWluIiwidHlwZSI6ImFkbWluIiwiaWF0IjoxNzU0OTc3MDUzLCJleHAiOjE3NTUwNjM0NTN9.U2-ZvB1fIa3DsOmHO4sFNvS2nSwP4Gegi0-MAP1EpzE', 'eyJhbGciOiJIUzI1NiIsInR5cCI6IkpXVCJ9.eyJpZCI6MSwidHlwZSI6ImFkbWluIiwiaWF0IjoxNzU0OTc3MDUzLCJleHAiOjE3NTU1ODE4NTN9.lIfNWcMujxp2cdAXn_N-9ETbT7eR9icESYqBTjTIxO4', '2025-08-13 05:37:33', '2025-08-12 05:37:33', '2025-08-12 05:37:33'),
('admin_1_1754977461296', 1, 'eyJhbGciOiJIUzI1NiIsInR5cCI6IkpXVCJ9.eyJpZCI6MSwiZW1haWwiOiJpbmZvQGJ5bGluZWxlYXJuaW5nLmNvbSIsIm5hbWUiOiJEZW1vIEFkbWluIiwidHlwZSI6ImFkbWluIiwiaWF0IjoxNzU0OTc3NDYxLCJleHAiOjE3NTUwNjM4NjF9.rG8oNb0dhjA4pMjMK4FhhBo0E-ce_D-A7UQCuRd4-FM', 'eyJhbGciOiJIUzI1NiIsInR5cCI6IkpXVCJ9.eyJpZCI6MSwidHlwZSI6ImFkbWluIiwiaWF0IjoxNzU0OTc3NDYxLCJleHAiOjE3NTU1ODIyNjF9.BjVwDTYePLOuSHbWc94_FbSPV-ok5Ygs1LWEGrgxIBY', '2025-08-13 05:44:21', '2025-08-12 05:44:21', '2025-08-12 05:44:21'),
('admin_1_1754978638233', 1, 'eyJhbGciOiJIUzI1NiIsInR5cCI6IkpXVCJ9.eyJpZCI6MSwiZW1haWwiOiJpbmZvQGJ5bGluZWxlYXJuaW5nLmNvbSIsIm5hbWUiOiJEZW1vIEFkbWluIiwidHlwZSI6ImFkbWluIiwiaWF0IjoxNzU0OTc4NjM4LCJleHAiOjE3NTUwNjUwMzh9.74mqommn5CO69X8tUpbRsKkJnyctrRzFr0U2TNjt0Lk', 'eyJhbGciOiJIUzI1NiIsInR5cCI6IkpXVCJ9.eyJpZCI6MSwidHlwZSI6ImFkbWluIiwiaWF0IjoxNzU0OTc4NjM4LCJleHAiOjE3NTU1ODM0Mzh9.apDLo6I03XH2g_uWJlB4JgpvunHBbHXKIgvMLYr0Dw4', '2025-08-13 06:03:58', '2025-08-12 06:03:58', '2025-08-12 06:03:58'),
('admin_1_1754978839794', 1, 'eyJhbGciOiJIUzI1NiIsInR5cCI6IkpXVCJ9.eyJpZCI6MSwiZW1haWwiOiJpbmZvQGJ5bGluZWxlYXJuaW5nLmNvbSIsIm5hbWUiOiJEZW1vIEFkbWluIiwidHlwZSI6ImFkbWluIiwiaWF0IjoxNzU0OTc4ODM5LCJleHAiOjE3NTUwNjUyMzl9.uiZi4MJnsH9n4ORoTEqR0EvZLoV3ekQPaKGi3F-k9w4', 'eyJhbGciOiJIUzI1NiIsInR5cCI6IkpXVCJ9.eyJpZCI6MSwidHlwZSI6ImFkbWluIiwiaWF0IjoxNzU0OTc4ODM5LCJleHAiOjE3NTU1ODM2Mzl9.XTq6yOghMZ2xTr3NscglUga2VbcPJqFD3VGCCPuR8PE', '2025-08-13 06:07:19', '2025-08-12 06:07:19', '2025-08-12 06:07:19'),
('admin_1_1754979998132', 1, 'eyJhbGciOiJIUzI1NiIsInR5cCI6IkpXVCJ9.eyJpZCI6MSwiZW1haWwiOiJpbmZvQGJ5bGluZWxlYXJuaW5nLmNvbSIsIm5hbWUiOiJEZW1vIEFkbWluIiwidHlwZSI6ImFkbWluIiwiaWF0IjoxNzU0OTc5OTk4LCJleHAiOjE3NTUwNjYzOTh9.OJDWwcmd8BucnpWzbxCI6fSNHsesXjH6OgiZsYP5vUI', 'eyJhbGciOiJIUzI1NiIsInR5cCI6IkpXVCJ9.eyJpZCI6MSwidHlwZSI6ImFkbWluIiwiaWF0IjoxNzU0OTc5OTk4LCJleHAiOjE3NTU1ODQ3OTh9.1dVUNR5DvF1rXfvgZvA8ilAOi8x2g-lHl_ch8jW7FkE', '2025-08-13 06:26:38', '2025-08-12 06:26:38', '2025-08-12 06:26:38'),
('admin_1_1754981317346', 1, 'eyJhbGciOiJIUzI1NiIsInR5cCI6IkpXVCJ9.eyJpZCI6MSwiZW1haWwiOiJpbmZvQGJ5bGluZWxlYXJuaW5nLmNvbSIsIm5hbWUiOiJEZW1vIEFkbWluIiwidHlwZSI6ImFkbWluIiwiaWF0IjoxNzU0OTgxMzE3LCJleHAiOjE3NTUwNjc3MTd9.BdzgFIQMIOntjO4uBY5LxdSHfxckxnpWMBRi7J29PnM', 'eyJhbGciOiJIUzI1NiIsInR5cCI6IkpXVCJ9.eyJpZCI6MSwidHlwZSI6ImFkbWluIiwiaWF0IjoxNzU0OTgxMzE3LCJleHAiOjE3NTU1ODYxMTd9.AR3Lp5oS5Q009kXMXCGID7WTDQO0SAmPGzZDZQbHkJQ', '2025-08-13 06:48:37', '2025-08-12 06:48:37', '2025-08-12 06:48:37'),
('admin_1_1754984116524', 1, 'eyJhbGciOiJIUzI1NiIsInR5cCI6IkpXVCJ9.eyJpZCI6MSwiZW1haWwiOiJpbmZvQGJ5bGluZWxlYXJuaW5nLmNvbSIsIm5hbWUiOiJEZW1vIEFkbWluIiwidHlwZSI6ImFkbWluIiwiaWF0IjoxNzU0OTg0MTE2LCJleHAiOjE3NTUwNzA1MTZ9.CccoBom46E-vLl0zjw-prxDin3Qwo0FZl-d0iylfsQk', 'eyJhbGciOiJIUzI1NiIsInR5cCI6IkpXVCJ9.eyJpZCI6MSwidHlwZSI6ImFkbWluIiwiaWF0IjoxNzU0OTg0MTE2LCJleHAiOjE3NTU1ODg5MTZ9.KpKfc_xplDpAAp5b-Pbnm53_cNAfz7tOzUvT9cPfDgc', '2025-08-13 07:35:16', '2025-08-12 07:35:16', '2025-08-12 07:35:16'),
('admin_1_1754984259194', 1, 'eyJhbGciOiJIUzI1NiIsInR5cCI6IkpXVCJ9.eyJpZCI6MSwiZW1haWwiOiJpbmZvQGJ5bGluZWxlYXJuaW5nLmNvbSIsIm5hbWUiOiJEZW1vIEFkbWluIiwidHlwZSI6ImFkbWluIiwiaWF0IjoxNzU0OTg0MjU5LCJleHAiOjE3NTUwNzA2NTl9.6MOmRbg8CZ9FzY5bp8kfA7y9e4N1WvniqkU-z2QXlqk', 'eyJhbGciOiJIUzI1NiIsInR5cCI6IkpXVCJ9.eyJpZCI6MSwidHlwZSI6ImFkbWluIiwiaWF0IjoxNzU0OTg0MjU5LCJleHAiOjE3NTU1ODkwNTl9.u-ZIfhxqgJ15dKdRaL31SuyCk_1Ecgyj-tFN3krjW90', '2025-08-13 07:37:39', '2025-08-12 07:37:39', '2025-08-12 07:37:39'),
('admin_1_1754985369514', 1, 'eyJhbGciOiJIUzI1NiIsInR5cCI6IkpXVCJ9.eyJpZCI6MSwiZW1haWwiOiJpbmZvQGJ5bGluZWxlYXJuaW5nLmNvbSIsIm5hbWUiOiJEZW1vIEFkbWluIiwidHlwZSI6ImFkbWluIiwiaWF0IjoxNzU0OTg1MzY5LCJleHAiOjE3NTUwNzE3Njl9.TmW-RanU2slWUCMXY_ptC0DjP2coUKGNwk3fAjyo3Aw', 'eyJhbGciOiJIUzI1NiIsInR5cCI6IkpXVCJ9.eyJpZCI6MSwidHlwZSI6ImFkbWluIiwiaWF0IjoxNzU0OTg1MzY5LCJleHAiOjE3NTU1OTAxNjl9.tti2JpVjPIXLRfX_bqmWYstd8e6_OtDvn82hRy7Ktt0', '2025-08-13 07:56:09', '2025-08-12 07:56:09', '2025-08-12 07:56:09'),
('admin_1_1754994977629', 1, 'eyJhbGciOiJIUzI1NiIsInR5cCI6IkpXVCJ9.eyJpZCI6MSwiZW1haWwiOiJpbmZvQGJ5bGluZWxlYXJuaW5nLmNvbSIsIm5hbWUiOiJEZW1vIEFkbWluIiwidHlwZSI6ImFkbWluIiwiaWF0IjoxNzU0OTk0OTc3LCJleHAiOjE3NTUwODEzNzd9.kHqwuk8L-MViTyXFTi_1K4U4tucF5Mr5Xh1iC8wR-64', 'eyJhbGciOiJIUzI1NiIsInR5cCI6IkpXVCJ9.eyJpZCI6MSwidHlwZSI6ImFkbWluIiwiaWF0IjoxNzU0OTk0OTc3LCJleHAiOjE3NTU1OTk3Nzd9.NXhwrAmiK0sOHI72cv0rdlEqcpHKpJH5WSHpm158qCE', '2025-08-13 10:36:17', '2025-08-12 10:36:17', '2025-08-12 10:36:17'),
('admin_1_1755006574461', 1, 'eyJhbGciOiJIUzI1NiIsInR5cCI6IkpXVCJ9.eyJpZCI6MSwiZW1haWwiOiJpbmZvQGJ5bGluZWxlYXJuaW5nLmNvbSIsIm5hbWUiOiJEZW1vIEFkbWluIiwidHlwZSI6ImFkbWluIiwiaWF0IjoxNzU1MDA2NTc0LCJleHAiOjE3NTUwOTI5NzR9.ZbhWSAlcpIKVP80VM2nyVn6Wj4iot10swJAPSk7oQQY', 'eyJhbGciOiJIUzI1NiIsInR5cCI6IkpXVCJ9.eyJpZCI6MSwidHlwZSI6ImFkbWluIiwiaWF0IjoxNzU1MDA2NTc0LCJleHAiOjE3NTU2MTEzNzR9.fIXApXvkgPK_yw1qChduBIF04fXkwakVO57pA-ejvT0', '2025-08-13 13:49:34', '2025-08-12 13:49:34', '2025-08-12 13:49:34');
INSERT INTO `admin_sessions` (`id`, `user_id`, `access_token`, `refresh_token`, `expires_at`, `created_at`, `updated_at`) VALUES
('admin_1_1755006584294', 1, 'eyJhbGciOiJIUzI1NiIsInR5cCI6IkpXVCJ9.eyJpZCI6MSwiZW1haWwiOiJpbmZvQGJ5bGluZWxlYXJuaW5nLmNvbSIsIm5hbWUiOiJEZW1vIEFkbWluIiwidHlwZSI6ImFkbWluIiwiaWF0IjoxNzU1MDA2NTg0LCJleHAiOjE3NTUwOTI5ODR9.2MpSemFya7qCDI5M4EH2P7P0hMebgcvwTfC9d0SfbM4', 'eyJhbGciOiJIUzI1NiIsInR5cCI6IkpXVCJ9.eyJpZCI6MSwidHlwZSI6ImFkbWluIiwiaWF0IjoxNzU1MDA2NTg0LCJleHAiOjE3NTU2MTEzODR9.vEgyJiNFLcFFyMOdXgHLrBQvKc-OwtBy_C1KbFM2CHE', '2025-08-13 13:49:44', '2025-08-12 13:49:44', '2025-08-12 13:49:44'),
('admin_1_1755066905939', 1, 'eyJhbGciOiJIUzI1NiIsInR5cCI6IkpXVCJ9.eyJpZCI6MSwiZW1haWwiOiJpbmZvQGJ5bGluZWxlYXJuaW5nLmNvbSIsIm5hbWUiOiJEZW1vIEFkbWluIiwidHlwZSI6ImFkbWluIiwiaWF0IjoxNzU1MDY2OTA1LCJleHAiOjE3NTUxNTMzMDV9.X50S7mqlSLZn4bQkDuVXFe9v5ioEpQ-kgOZPaSdxYYg', 'eyJhbGciOiJIUzI1NiIsInR5cCI6IkpXVCJ9.eyJpZCI6MSwidHlwZSI6ImFkbWluIiwiaWF0IjoxNzU1MDY2OTA1LCJleHAiOjE3NTU2NzE3MDV9.v1n7B8nXbUVh6B-3kGNBkJdMxuud_CV7rZ6YcMh6H74', '2025-08-14 06:35:05', '2025-08-13 06:35:05', '2025-08-13 06:35:05'),
('admin_1_1755086110655', 1, 'eyJhbGciOiJIUzI1NiIsInR5cCI6IkpXVCJ9.eyJpZCI6MSwiZW1haWwiOiJpbmZvQGJ5bGluZWxlYXJuaW5nLmNvbSIsIm5hbWUiOiJEZW1vIEFkbWluIiwidHlwZSI6ImFkbWluIiwiaWF0IjoxNzU1MDg2MTEwLCJleHAiOjE3NTUxNzI1MTB9.fxVsnlWbb5yAjZe2CbfocgPQ5WidcGMqrzp_ku3tY1c', 'eyJhbGciOiJIUzI1NiIsInR5cCI6IkpXVCJ9.eyJpZCI6MSwidHlwZSI6ImFkbWluIiwiaWF0IjoxNzU1MDg2MTEwLCJleHAiOjE3NTU2OTA5MTB9.Ccfs1U6kKb_k_ect5_U1df0TvBL00vFG2Jg5BzTjlG0', '2025-08-14 11:55:10', '2025-08-13 11:55:10', '2025-08-13 11:55:10'),
('admin_1_1755086495265', 1, 'eyJhbGciOiJIUzI1NiIsInR5cCI6IkpXVCJ9.eyJpZCI6MSwiZW1haWwiOiJpbmZvQGJ5bGluZWxlYXJuaW5nLmNvbSIsIm5hbWUiOiJEZW1vIEFkbWluIiwidHlwZSI6ImFkbWluIiwiaWF0IjoxNzU1MDg2NDk1LCJleHAiOjE3NTUxNzI4OTV9.OeQ3LHvDAWOBrSc-vLtOiPm-ZgJqLC5m05SFO109czs', 'eyJhbGciOiJIUzI1NiIsInR5cCI6IkpXVCJ9.eyJpZCI6MSwidHlwZSI6ImFkbWluIiwiaWF0IjoxNzU1MDg2NDk1LCJleHAiOjE3NTU2OTEyOTV9.FOL-uz1iCIaDFrsNuFDJwH3Xpi6FVfBMbG7JGAbqR20', '2025-08-14 12:01:35', '2025-08-13 12:01:35', '2025-08-13 12:01:35'),
('admin_1_1755087563270', 1, 'eyJhbGciOiJIUzI1NiIsInR5cCI6IkpXVCJ9.eyJpZCI6MSwiZW1haWwiOiJpbmZvQGJ5bGluZWxlYXJuaW5nLmNvbSIsIm5hbWUiOiJEZW1vIEFkbWluIiwidHlwZSI6ImFkbWluIiwiaWF0IjoxNzU1MDg3NTYzLCJleHAiOjE3NTUxNzM5NjN9.KJBO8l4TGeoVBsdeg_N7YtNCdrcPWYIme-gUI4gFHjk', 'eyJhbGciOiJIUzI1NiIsInR5cCI6IkpXVCJ9.eyJpZCI6MSwidHlwZSI6ImFkbWluIiwiaWF0IjoxNzU1MDg3NTYzLCJleHAiOjE3NTU2OTIzNjN9.t7EDpH7SHbtkZEwyLgoE_Fx8SveY-EcVGypYMpAH1g8', '2025-08-14 12:19:23', '2025-08-13 12:19:23', '2025-08-13 12:19:23'),
('admin_1_1755087629492', 1, 'eyJhbGciOiJIUzI1NiIsInR5cCI6IkpXVCJ9.eyJpZCI6MSwiZW1haWwiOiJpbmZvQGJ5bGluZWxlYXJuaW5nLmNvbSIsIm5hbWUiOiJEZW1vIEFkbWluIiwidHlwZSI6ImFkbWluIiwiaWF0IjoxNzU1MDg3NjI5LCJleHAiOjE3NTUxNzQwMjl9.leu8qdKGSlVbLVRT8t9TAcNTQfU9GW_ohKlw_89fToQ', 'eyJhbGciOiJIUzI1NiIsInR5cCI6IkpXVCJ9.eyJpZCI6MSwidHlwZSI6ImFkbWluIiwiaWF0IjoxNzU1MDg3NjI5LCJleHAiOjE3NTU2OTI0Mjl9.St6ncZ-EIqlBrtKGihkr7qxU8wXf3LTLKEor6_S5DhY', '2025-08-14 12:20:29', '2025-08-13 12:20:29', '2025-08-13 12:20:29'),
('admin_1_1755088395281', 1, 'eyJhbGciOiJIUzI1NiIsInR5cCI6IkpXVCJ9.eyJpZCI6MSwiZW1haWwiOiJpbmZvQGJ5bGluZWxlYXJuaW5nLmNvbSIsIm5hbWUiOiJEZW1vIEFkbWluIiwidHlwZSI6ImFkbWluIiwiaWF0IjoxNzU1MDg4Mzk1LCJleHAiOjE3NTUxNzQ3OTV9.DOEsxK-JkMbmvZ7dBBkcVS7Pc1MS9Btca_7mRww7ZSY', 'eyJhbGciOiJIUzI1NiIsInR5cCI6IkpXVCJ9.eyJpZCI6MSwidHlwZSI6ImFkbWluIiwiaWF0IjoxNzU1MDg4Mzk1LCJleHAiOjE3NTU2OTMxOTV9.E7WqwqqSbVTu6ldINhqtFW4OhXJbOIV1skwcdzXOjVM', '2025-08-14 12:33:15', '2025-08-13 12:33:15', '2025-08-13 12:33:15'),
('admin_1_1755149150352', 1, 'eyJhbGciOiJIUzI1NiIsInR5cCI6IkpXVCJ9.eyJpZCI6MSwiZW1haWwiOiJpbmZvQGJ5bGluZWxlYXJuaW5nLmNvbSIsIm5hbWUiOiJEZW1vIEFkbWluIiwidHlwZSI6ImFkbWluIiwiaWF0IjoxNzU1MTQ5MTUwLCJleHAiOjE3NTUyMzU1NTB9.4OMeSl_PRihUxDUC9SwZoE3CCyo6s0lw9AruK6u-73Y', 'eyJhbGciOiJIUzI1NiIsInR5cCI6IkpXVCJ9.eyJpZCI6MSwidHlwZSI6ImFkbWluIiwiaWF0IjoxNzU1MTQ5MTUwLCJleHAiOjE3NTU3NTM5NTB9.9O1aifybqlugU7m_9hkeerPQReWu0dItMC8Z5fzYmQ0', '2025-08-15 05:25:50', '2025-08-14 05:25:50', '2025-08-14 05:25:50'),
('admin_1_1755149241552', 1, 'eyJhbGciOiJIUzI1NiIsInR5cCI6IkpXVCJ9.eyJpZCI6MSwiZW1haWwiOiJpbmZvQGJ5bGluZWxlYXJuaW5nLmNvbSIsIm5hbWUiOiJEZW1vIEFkbWluIiwidHlwZSI6ImFkbWluIiwiaWF0IjoxNzU1MTQ5MjQxLCJleHAiOjE3NTUyMzU2NDF9._Cb7EPp9h52sUji1xab0GDk-McmBomygYtcKhxtvfeA', 'eyJhbGciOiJIUzI1NiIsInR5cCI6IkpXVCJ9.eyJpZCI6MSwidHlwZSI6ImFkbWluIiwiaWF0IjoxNzU1MTQ5MjQxLCJleHAiOjE3NTU3NTQwNDF9.3tcfQlN39zXjtwgOkj6kbRRyhTl64qMWk7OF35cKH5Y', '2025-08-15 05:27:21', '2025-08-14 05:27:21', '2025-08-14 05:27:21'),
('admin_1_1755150909434', 1, 'eyJhbGciOiJIUzI1NiIsInR5cCI6IkpXVCJ9.eyJpZCI6MSwiZW1haWwiOiJpbmZvQGJ5bGluZWxlYXJuaW5nLmNvbSIsIm5hbWUiOiJEZW1vIEFkbWluIiwidHlwZSI6ImFkbWluIiwiaWF0IjoxNzU1MTUwOTA5LCJleHAiOjE3NTUyMzczMDl9.iIcn9fmNZPnUGanYPTcDjBz_IdtzXwk9izdDxkzvqKA', 'eyJhbGciOiJIUzI1NiIsInR5cCI6IkpXVCJ9.eyJpZCI6MSwidHlwZSI6ImFkbWluIiwiaWF0IjoxNzU1MTUwOTA5LCJleHAiOjE3NTU3NTU3MDl9.ET12OW-Vs621n3jRtoVLMI_-u_84abFbUt5IFN9f780', '2025-08-15 05:55:09', '2025-08-14 05:55:09', '2025-08-14 05:55:09'),
('admin_1_1755164331512', 1, 'eyJhbGciOiJIUzI1NiIsInR5cCI6IkpXVCJ9.eyJpZCI6MSwiZW1haWwiOiJpbmZvQGJ5bGluZWxlYXJuaW5nLmNvbSIsIm5hbWUiOiJEZW1vIEFkbWluIiwidHlwZSI6ImFkbWluIiwiaWF0IjoxNzU1MTY0MzMxLCJleHAiOjE3NTUyNTA3MzF9.XuRo6b7J5M2RzSQO3YYzUefHoabV4NlEID-P3vvK1Fo', 'eyJhbGciOiJIUzI1NiIsInR5cCI6IkpXVCJ9.eyJpZCI6MSwidHlwZSI6ImFkbWluIiwiaWF0IjoxNzU1MTY0MzMxLCJleHAiOjE3NTU3NjkxMzF9.99eETFhQWAaFgM6e7eOZux51aMFs4cBl8wkImhnXAHA', '2025-08-15 09:38:51', '2025-08-14 09:38:51', '2025-08-14 09:38:51'),
('admin_1_1755174539046', 1, 'eyJhbGciOiJIUzI1NiIsInR5cCI6IkpXVCJ9.eyJpZCI6MSwiZW1haWwiOiJpbmZvQGJ5bGluZWxlYXJuaW5nLmNvbSIsIm5hbWUiOiJEZW1vIEFkbWluIiwidHlwZSI6ImFkbWluIiwiaWF0IjoxNzU1MTc0NTM5LCJleHAiOjE3NTUyNjA5Mzl9.M5qLEEx90Bt0Wsc7ZIIs33jwoI7ep94jq7HTgPg7PcY', 'eyJhbGciOiJIUzI1NiIsInR5cCI6IkpXVCJ9.eyJpZCI6MSwidHlwZSI6ImFkbWluIiwiaWF0IjoxNzU1MTc0NTM5LCJleHAiOjE3NTU3NzkzMzl9.ZxpKy0wqJn_PoObdhFjWaEfSpEcddB85Xw0IfFth0hM', '2025-08-15 12:28:59', '2025-08-14 12:28:59', '2025-08-14 12:28:59'),
('admin_1_1755496926925', 1, 'eyJhbGciOiJIUzI1NiIsInR5cCI6IkpXVCJ9.eyJpZCI6MSwiZW1haWwiOiJpbmZvQGJ5bGluZWxlYXJuaW5nLmNvbSIsIm5hbWUiOiJEZW1vIEFkbWluIiwidHlwZSI6ImFkbWluIiwiaWF0IjoxNzU1NDk2OTI2LCJleHAiOjE3NTU1ODMzMjZ9.cFxceAPZLn-WW5rel0Av2gmW6c5dVhSlvQmlGHlMWUA', 'eyJhbGciOiJIUzI1NiIsInR5cCI6IkpXVCJ9.eyJpZCI6MSwidHlwZSI6ImFkbWluIiwiaWF0IjoxNzU1NDk2OTI2LCJleHAiOjE3NTYxMDE3MjZ9.aqsIuCskjzOSZCXYehAtlo51gJsAnlLCuHAH3Pzs8Pc', '2025-08-19 06:02:06', '2025-08-18 06:02:06', '2025-08-18 06:02:06'),
('admin_1_1755497909012', 1, 'eyJhbGciOiJIUzI1NiIsInR5cCI6IkpXVCJ9.eyJpZCI6MSwiZW1haWwiOiJpbmZvQGJ5bGluZWxlYXJuaW5nLmNvbSIsIm5hbWUiOiJEZW1vIEFkbWluIiwidHlwZSI6ImFkbWluIiwiaWF0IjoxNzU1NDk3OTA5LCJleHAiOjE3NTU1ODQzMDl9.m7k7UkHBO_thi-eujQ6iUH4k8SsMazaZydJOG-5pOhk', 'eyJhbGciOiJIUzI1NiIsInR5cCI6IkpXVCJ9.eyJpZCI6MSwidHlwZSI6ImFkbWluIiwiaWF0IjoxNzU1NDk3OTA5LCJleHAiOjE3NTYxMDI3MDl9.I2s_7MxVoN7TZSXw4lcvwcwoP-Bi0SiGW_0bFbAfn-0', '2025-08-19 06:18:29', '2025-08-18 06:18:29', '2025-08-18 06:18:29'),
('admin_1_1755499722525', 1, 'eyJhbGciOiJIUzI1NiIsInR5cCI6IkpXVCJ9.eyJpZCI6MSwiZW1haWwiOiJpbmZvQGJ5bGluZWxlYXJuaW5nLmNvbSIsIm5hbWUiOiJEZW1vIEFkbWluIiwidHlwZSI6ImFkbWluIiwiaWF0IjoxNzU1NDk5NzIyLCJleHAiOjE3NTU1ODYxMjJ9.1MsGB-JzoCtrKR8mmD8xgVkgWDFIWhk00oj0UgkxUOk', 'eyJhbGciOiJIUzI1NiIsInR5cCI6IkpXVCJ9.eyJpZCI6MSwidHlwZSI6ImFkbWluIiwiaWF0IjoxNzU1NDk5NzIyLCJleHAiOjE3NTYxMDQ1MjJ9.5WQrCQQtrUHDQ8Y--vncOock3sUN8Elt6zCV_WSasV4', '2025-08-19 06:48:42', '2025-08-18 06:48:42', '2025-08-18 06:48:42'),
('admin_1_1755499820971', 1, 'eyJhbGciOiJIUzI1NiIsInR5cCI6IkpXVCJ9.eyJpZCI6MSwiZW1haWwiOiJpbmZvQGJ5bGluZWxlYXJuaW5nLmNvbSIsIm5hbWUiOiJEZW1vIEFkbWluIiwidHlwZSI6ImFkbWluIiwiaWF0IjoxNzU1NDk5ODIwLCJleHAiOjE3NTU1ODYyMjB9.uVnG345YDRRhVIpuXzGoTOM4cJ-4sDRToP-k805RLYk', 'eyJhbGciOiJIUzI1NiIsInR5cCI6IkpXVCJ9.eyJpZCI6MSwidHlwZSI6ImFkbWluIiwiaWF0IjoxNzU1NDk5ODIwLCJleHAiOjE3NTYxMDQ2MjB9.ZdWW-XGjwAT14Qx1IZC2VuMIjL59chhygEQ6m9DGU9Y', '2025-08-19 06:50:20', '2025-08-18 06:50:20', '2025-08-18 06:50:20'),
('admin_1_1755501860436', 1, 'eyJhbGciOiJIUzI1NiIsInR5cCI6IkpXVCJ9.eyJpZCI6MSwiZW1haWwiOiJpbmZvQGJ5bGluZWxlYXJuaW5nLmNvbSIsIm5hbWUiOiJEZW1vIEFkbWluIiwidHlwZSI6ImFkbWluIiwiaWF0IjoxNzU1NTAxODYwLCJleHAiOjE3NTU1ODgyNjB9.Qmrlca826vFelsDSTmg3wFzTzrRMBXrtXIYJzpVtxZQ', 'eyJhbGciOiJIUzI1NiIsInR5cCI6IkpXVCJ9.eyJpZCI6MSwidHlwZSI6ImFkbWluIiwiaWF0IjoxNzU1NTAxODYwLCJleHAiOjE3NTYxMDY2NjB9.KDzl4plYLu9h0JY7UuMQPT06N_11jWsu-zVP-s6T4g4', '2025-08-19 07:24:20', '2025-08-18 07:24:20', '2025-08-18 07:24:20'),
('admin_1_1755504281295', 1, 'eyJhbGciOiJIUzI1NiIsInR5cCI6IkpXVCJ9.eyJpZCI6MSwiZW1haWwiOiJpbmZvQGJ5bGluZWxlYXJuaW5nLmNvbSIsIm5hbWUiOiJEZW1vIEFkbWluIiwidHlwZSI6ImFkbWluIiwiaWF0IjoxNzU1NTA0MjgxLCJleHAiOjE3NTU1OTA2ODF9.7qA2vajg-XL8dr67D9VBccR3nEL4a-3xdosnBHUQWB8', 'eyJhbGciOiJIUzI1NiIsInR5cCI6IkpXVCJ9.eyJpZCI6MSwidHlwZSI6ImFkbWluIiwiaWF0IjoxNzU1NTA0MjgxLCJleHAiOjE3NTYxMDkwODF9.i57vdH9Q_s8xiuvQF48kdfKRIdywlS9y7kO-3TuM3lg', '2025-08-19 08:04:41', '2025-08-18 08:04:41', '2025-08-18 08:04:41');

-- --------------------------------------------------------

--
-- Table structure for table `admin_users`
--

DROP TABLE IF EXISTS `admin_users`;
CREATE TABLE IF NOT EXISTS `admin_users` (
  `id` int NOT NULL AUTO_INCREMENT,
  `email` varchar(255) COLLATE utf8mb4_unicode_ci NOT NULL,
  `password_hash` varchar(255) COLLATE utf8mb4_unicode_ci NOT NULL,
  `name` varchar(255) COLLATE utf8mb4_unicode_ci NOT NULL,
  `avatar_url` varchar(500) COLLATE utf8mb4_unicode_ci DEFAULT NULL,
  `is_active` tinyint(1) DEFAULT '1',
  `last_login_at` timestamp NULL DEFAULT NULL,
  `email_verified_at` timestamp NULL DEFAULT NULL,
  `created_at` timestamp NULL DEFAULT CURRENT_TIMESTAMP,
  `updated_at` timestamp NULL DEFAULT CURRENT_TIMESTAMP ON UPDATE CURRENT_TIMESTAMP,
  PRIMARY KEY (`id`),
  UNIQUE KEY `email` (`email`),
  KEY `idx_email` (`email`),
  KEY `idx_active` (`is_active`)
) ENGINE=InnoDB AUTO_INCREMENT=3 DEFAULT CHARSET=utf8mb4 COLLATE=utf8mb4_unicode_ci;

--
-- Dumping data for table `admin_users`
--

INSERT INTO `admin_users` (`id`, `email`, `password_hash`, `name`, `avatar_url`, `is_active`, `last_login_at`, `email_verified_at`, `created_at`, `updated_at`) VALUES
(1, 'info@bylinelearning.com', '$2b$10$U0wXs2mwUNm3OTBCAEFeNOhvYEUjJcWag7YIwxUgaz9F9CFqx7j1m', 'Demo Admin', NULL, 1, '2025-08-18 08:04:41', '2025-08-09 06:56:11', '2025-08-09 06:56:11', '2025-08-18 08:04:41');

-- --------------------------------------------------------

--
-- Table structure for table `admin_user_skills`
--

DROP TABLE IF EXISTS `admin_user_skills`;
CREATE TABLE IF NOT EXISTS `admin_user_skills` (
  `id` int NOT NULL AUTO_INCREMENT,
  `user_id` int NOT NULL,
  `skill_id` int NOT NULL,
  `created_at` timestamp NULL DEFAULT CURRENT_TIMESTAMP,
  PRIMARY KEY (`id`),
  UNIQUE KEY `unique_user_skill` (`user_id`,`skill_id`),
  KEY `skill_id` (`skill_id`)
) ENGINE=InnoDB DEFAULT CHARSET=utf8mb4 COLLATE=utf8mb4_unicode_ci;

-- --------------------------------------------------------

--
-- Table structure for table `books`
--

DROP TABLE IF EXISTS `books`;
CREATE TABLE IF NOT EXISTS `books` (
  `id` int NOT NULL AUTO_INCREMENT,
  `grade_id` int NOT NULL,
  `name` varchar(255) COLLATE utf8mb4_unicode_ci NOT NULL,
  `type` enum('student','teacher','practice','digital') COLLATE utf8mb4_unicode_ci NOT NULL,
  `description` text COLLATE utf8mb4_unicode_ci,
  `order_index` int DEFAULT '0',
  `weight` decimal(5,2) DEFAULT '0.00',
  `created_at` timestamp NULL DEFAULT CURRENT_TIMESTAMP,
  `updated_at` timestamp NULL DEFAULT CURRENT_TIMESTAMP ON UPDATE CURRENT_TIMESTAMP,
  PRIMARY KEY (`id`),
  KEY `idx_grade` (`grade_id`),
  KEY `idx_type` (`type`),
  KEY `idx_order` (`order_index`)
) ;

--
-- Dumping data for table `books`
--

INSERT INTO `books` (`id`, `grade_id`, `name`, `type`, `description`, `order_index`, `weight`, `created_at`, `updated_at`) VALUES
(1, 3, 'Books 1', 'student', 'Books 1', 1, 0.00, '2025-08-11 07:37:29', '2025-08-11 07:37:29');

-- --------------------------------------------------------

--
-- Table structure for table `categories`
--

DROP TABLE IF EXISTS `categories`;
CREATE TABLE IF NOT EXISTS `categories` (
  `id` int NOT NULL AUTO_INCREMENT,
  `name` varchar(100) COLLATE utf8mb4_unicode_ci NOT NULL,
  `description` text COLLATE utf8mb4_unicode_ci,
  `is_default` tinyint(1) DEFAULT '0',
  `created_at` timestamp NULL DEFAULT CURRENT_TIMESTAMP,
  `updated_at` timestamp NULL DEFAULT CURRENT_TIMESTAMP ON UPDATE CURRENT_TIMESTAMP,
  PRIMARY KEY (`id`),
  UNIQUE KEY `name` (`name`)
) ENGINE=InnoDB AUTO_INCREMENT=9 DEFAULT CHARSET=utf8mb4 COLLATE=utf8mb4_unicode_ci;

--
-- Dumping data for table `categories`
--

INSERT INTO `categories` (`id`, `name`, `description`, `is_default`, `created_at`, `updated_at`) VALUES
(1, 'eLearning Design', 'Interactive online learning content and courses', 1, '2025-08-09 06:56:11', '2025-08-09 06:56:11'),
(2, 'Curriculum Design', 'Educational curriculum and instructional materials', 1, '2025-08-09 06:56:11', '2025-08-09 06:56:11'),
(3, 'IT Applications', 'Software development and technical solutions', 1, '2025-08-09 06:56:11', '2025-08-09 06:56:11'),
(4, 'Web Development', 'Website and web application projects', 0, '2025-08-09 09:45:32', '2025-08-09 09:45:32'),
(6, 'Data Analysis', 'Data science and analytics projects', 0, '2025-08-09 09:45:32', '2025-08-09 09:45:32');

-- --------------------------------------------------------

--
-- Table structure for table `category_stages`
--

DROP TABLE IF EXISTS `category_stages`;
CREATE TABLE IF NOT EXISTS `category_stages` (
  `id` int NOT NULL AUTO_INCREMENT,
  `name` varchar(255) CHARACTER SET utf8mb4 COLLATE utf8mb4_unicode_ci NOT NULL,
  `description` text CHARACTER SET utf8mb4 COLLATE utf8mb4_unicode_ci,
  `order_index` int DEFAULT '0',
  `is_active` tinyint(1) DEFAULT '1',
  `created_at` timestamp NULL DEFAULT CURRENT_TIMESTAMP,
  `updated_at` timestamp NULL DEFAULT CURRENT_TIMESTAMP ON UPDATE CURRENT_TIMESTAMP,
  PRIMARY KEY (`id`),
  KEY `idx_order` (`order_index`),
  KEY `idx_active` (`is_active`)
) ENGINE=InnoDB AUTO_INCREMENT=19 DEFAULT CHARSET=utf8mb4 COLLATE=utf8mb4_unicode_ci;

--
-- Dumping data for table `category_stages`
--

INSERT INTO `category_stages` (`id`, `name`, `description`, `order_index`, `is_active`, `created_at`, `updated_at`) VALUES
(1, 'Content Strategy', 'Define learning objectives and content outline', 1, 1, '2025-08-14 06:23:11', '2025-08-14 07:00:10'),
(2, 'Instructional Design', 'Create detailed instructional design document', 2, 1, '2025-08-14 06:23:11', '2025-08-14 06:23:11'),
(3, 'Storyboarding', 'Develop visual storyboards and content flow', 3, 1, '2025-08-14 06:23:11', '2025-08-14 06:23:11'),
(4, 'Content Development', 'Create actual learning content and materials', 4, 1, '2025-08-14 06:23:11', '2025-08-14 06:23:11'),
(5, 'Media Production', 'Produce multimedia elements and assets', 5, 1, '2025-08-14 06:23:11', '2025-08-14 06:23:11'),
(6, 'Quality Assurance', 'Review and test content for accuracy and effectiveness', 6, 1, '2025-08-14 06:23:11', '2025-08-14 06:23:11'),
(7, 'Final Review', 'Final approval and content validation', 7, 1, '2025-08-14 06:23:11', '2025-08-14 06:23:11'),
(8, 'Deployment', 'Publish and deploy content to learning platform', 8, 1, '2025-08-14 06:23:11', '2025-08-14 06:23:11'),
(9, 'Requirements Analysis', 'Gather and analyze project requirements', 1, 1, '2025-08-14 06:23:11', '2025-08-14 06:23:11'),
(10, 'System Design', 'Design system architecture and components', 2, 1, '2025-08-14 06:23:11', '2025-08-14 06:23:11'),
(11, 'Implementation', 'Develop and implement system features', 3, 1, '2025-08-14 06:23:11', '2025-08-14 06:23:11'),
(12, 'Testing', 'Comprehensive testing and bug fixes', 4, 1, '2025-08-14 06:23:11', '2025-08-14 06:23:11'),
(13, 'Documentation', 'Create user and technical documentation', 5, 1, '2025-08-14 06:23:11', '2025-08-14 06:23:11'),
(14, 'Deployment', 'Deploy system to production environment', 6, 1, '2025-08-14 06:23:11', '2025-08-14 06:23:11'),
(15, 'Maintenance', 'Ongoing support and maintenance', 7, 1, '2025-08-14 06:23:11', '2025-08-14 06:23:11'),
(16, 'System Design', 'System Design', 8, 1, '2025-08-14 06:41:53', '2025-08-14 06:41:53'),
(17, 'dfsdsfsdf', 'fdssdf', 9, 1, '2025-08-14 06:42:06', '2025-08-14 06:42:06');

-- --------------------------------------------------------

--
-- Table structure for table `functional_units`
--

DROP TABLE IF EXISTS `functional_units`;
CREATE TABLE IF NOT EXISTS `functional_units` (
  `id` int NOT NULL AUTO_INCREMENT,
  `name` varchar(255) COLLATE utf8mb4_unicode_ci NOT NULL,
  `description` text COLLATE utf8mb4_unicode_ci,
  `lead_user_id` int DEFAULT NULL,
  `lead_user_type` enum('admin','team') COLLATE utf8mb4_unicode_ci DEFAULT NULL,
  `is_default` tinyint(1) DEFAULT '0',
  `created_at` timestamp NULL DEFAULT CURRENT_TIMESTAMP,
  `updated_at` timestamp NULL DEFAULT CURRENT_TIMESTAMP ON UPDATE CURRENT_TIMESTAMP,
  PRIMARY KEY (`id`),
  KEY `idx_lead` (`lead_user_id`,`lead_user_type`)
) ENGINE=InnoDB AUTO_INCREMENT=2 DEFAULT CHARSET=utf8mb4 COLLATE=utf8mb4_unicode_ci;

--
-- Dumping data for table `functional_units`
--

INSERT INTO `functional_units` (`id`, `name`, `description`, `lead_user_id`, `lead_user_type`, `is_default`, `created_at`, `updated_at`) VALUES
(1, 'Content Development Unit', 'Responsible for creating and developing educational content', NULL, NULL, 1, '2025-08-09 06:56:11', '2025-08-09 06:56:11');

-- --------------------------------------------------------

--
-- Table structure for table `functional_unit_skills`
--

DROP TABLE IF EXISTS `functional_unit_skills`;
CREATE TABLE IF NOT EXISTS `functional_unit_skills` (
  `id` int NOT NULL AUTO_INCREMENT,
  `functional_unit_id` int NOT NULL,
  `skill_id` int NOT NULL,
  `created_at` timestamp NULL DEFAULT CURRENT_TIMESTAMP,
  PRIMARY KEY (`id`),
  UNIQUE KEY `unique_unit_skill` (`functional_unit_id`,`skill_id`),
  KEY `skill_id` (`skill_id`)
) ENGINE=InnoDB DEFAULT CHARSET=utf8mb4 COLLATE=utf8mb4_unicode_ci;

-- --------------------------------------------------------

--
-- Table structure for table `grades`
--

DROP TABLE IF EXISTS `grades`;
CREATE TABLE IF NOT EXISTS `grades` (
  `id` int NOT NULL AUTO_INCREMENT,
  `project_id` int NOT NULL,
  `name` varchar(100) COLLATE utf8mb4_unicode_ci NOT NULL,
  `description` text COLLATE utf8mb4_unicode_ci,
  `order_index` int DEFAULT '0',
  `weight` decimal(5,2) DEFAULT '0.00',
  `created_at` timestamp NULL DEFAULT CURRENT_TIMESTAMP,
  `updated_at` timestamp NULL DEFAULT CURRENT_TIMESTAMP ON UPDATE CURRENT_TIMESTAMP,
  PRIMARY KEY (`id`),
  KEY `idx_project` (`project_id`),
  KEY `idx_order` (`order_index`)
) ;

--
-- Dumping data for table `grades`
--

INSERT INTO `grades` (`id`, `project_id`, `name`, `description`, `order_index`, `weight`, `created_at`, `updated_at`) VALUES
(1, 2, 'Grade 1', 'Grade 1', 1, 0.00, '2025-08-11 07:20:04', '2025-08-11 07:20:04'),
(3, 8, 'Grade 1', 'Grade 1', 1, 65.00, '2025-08-11 07:37:17', '2025-08-11 07:37:17');

-- --------------------------------------------------------

--
-- Table structure for table `lessons`
--

DROP TABLE IF EXISTS `lessons`;
CREATE TABLE IF NOT EXISTS `lessons` (
  `id` int NOT NULL AUTO_INCREMENT,
  `unit_id` int NOT NULL,
  `name` varchar(255) COLLATE utf8mb4_unicode_ci NOT NULL,
  `description` text COLLATE utf8mb4_unicode_ci,
  `order_index` int DEFAULT '0',
  `weight` decimal(5,2) DEFAULT '0.00',
  `created_at` timestamp NULL DEFAULT CURRENT_TIMESTAMP,
  `updated_at` timestamp NULL DEFAULT CURRENT_TIMESTAMP ON UPDATE CURRENT_TIMESTAMP,
  PRIMARY KEY (`id`),
  KEY `idx_unit` (`unit_id`),
  KEY `idx_order` (`order_index`)
) ;

--
-- Dumping data for table `lessons`
--

INSERT INTO `lessons` (`id`, `unit_id`, `name`, `description`, `order_index`, `weight`, `created_at`, `updated_at`) VALUES
(1, 1, 'Lesson 1', 'Lesson 1', 1, 0.00, '2025-08-11 07:53:25', '2025-08-11 07:53:25');

-- --------------------------------------------------------

--
-- Table structure for table `performance_flags`
--

DROP TABLE IF EXISTS `performance_flags`;
CREATE TABLE IF NOT EXISTS `performance_flags` (
  `id` int NOT NULL AUTO_INCREMENT,
  `team_member_id` int NOT NULL,
  `type` enum('gold','green','orange','red') COLLATE utf8mb4_unicode_ci NOT NULL,
  `reason` text COLLATE utf8mb4_unicode_ci NOT NULL,
  `added_by` varchar(255) COLLATE utf8mb4_unicode_ci NOT NULL,
  `created_at` timestamp NULL DEFAULT CURRENT_TIMESTAMP,
  PRIMARY KEY (`id`),
  KEY `idx_team_member` (`team_member_id`),
  KEY `idx_type` (`type`),
  KEY `idx_created_at` (`created_at`),
  KEY `idx_performance_flags_member_type` (`team_member_id`,`type`)
) ENGINE=InnoDB DEFAULT CHARSET=utf8mb4 COLLATE=utf8mb4_unicode_ci;

-- --------------------------------------------------------

--
-- Table structure for table `projects`
--

DROP TABLE IF EXISTS `projects`;
CREATE TABLE IF NOT EXISTS `projects` (
  `id` int NOT NULL AUTO_INCREMENT,
  `name` varchar(255) COLLATE utf8mb4_unicode_ci NOT NULL,
  `description` text COLLATE utf8mb4_unicode_ci,
  `category_id` int DEFAULT NULL,
  `current_stage_id` int DEFAULT NULL,
  `status` enum('planning','active','on-hold','completed','cancelled') COLLATE utf8mb4_unicode_ci DEFAULT 'planning',
  `start_date` date NOT NULL,
  `end_date` date NOT NULL,
  `progress` int DEFAULT '0',
  `created_by` int DEFAULT NULL,
  `parent_id` int DEFAULT NULL,
  `created_at` timestamp NULL DEFAULT CURRENT_TIMESTAMP,
  `updated_at` timestamp NULL DEFAULT CURRENT_TIMESTAMP ON UPDATE CURRENT_TIMESTAMP,
  PRIMARY KEY (`id`),
  KEY `created_by` (`created_by`),
  KEY `idx_category` (`category_id`),
  KEY `idx_status` (`status`),
  KEY `idx_dates` (`start_date`,`end_date`),
  KEY `idx_parent` (`parent_id`),
  KEY `idx_projects_category_status` (`category_id`,`status`),
  KEY `idx_current_stage` (`current_stage_id`)
) ;

--
-- Dumping data for table `projects`
--

INSERT INTO `projects` (`id`, `name`, `description`, `category_id`, `current_stage_id`, `status`, `start_date`, `end_date`, `progress`, `created_by`, `parent_id`, `created_at`, `updated_at`) VALUES
(1, 'E-commerce Website', 'Modern e-commerce platform with payment integration', 1, NULL, 'active', '2024-01-15', '2024-06-30', 0, 1, NULL, '2025-08-09 09:45:32', '2025-08-18 06:26:57'),
(2, 'Mobile Fitness App', 'Cross-platform fitness tracking application', 2, NULL, 'planning', '2024-02-01', '2024-08-15', 0, 1, NULL, '2025-08-09 09:45:32', '2025-08-18 06:13:01'),
(3, 'Sales Dashboard', 'Real-time sales analytics and reporting dashboard', 3, NULL, 'active', '2024-01-01', '2024-04-30', 75, 1, NULL, '2025-08-09 09:45:32', '2025-08-09 09:45:32'),
(4, 'Company Website Redesign', 'Complete redesign of corporate website with modern UI/UX', 1, NULL, 'completed', '2023-10-01', '2024-01-15', 100, 1, NULL, '2025-08-09 09:45:32', '2025-08-09 09:45:32'),
(8, 'Workflow App', 'Workflow App', 3, 1, 'active', '2025-09-11', '2025-09-20', 54, 1, NULL, '2025-08-09 10:14:57', '2025-08-18 06:47:08'),
(11, 'gfjhh', 'jghghjg', 3, 1, 'planning', '2025-08-14', '2025-09-13', 0, 1, NULL, '2025-08-14 12:29:45', '2025-08-18 06:12:59');

-- --------------------------------------------------------

--
-- Table structure for table `project_members`
--

DROP TABLE IF EXISTS `project_members`;
CREATE TABLE IF NOT EXISTS `project_members` (
  `id` int NOT NULL AUTO_INCREMENT,
  `project_id` int NOT NULL,
  `user_id` int NOT NULL,
  `user_type` enum('admin','team') COLLATE utf8mb4_unicode_ci NOT NULL DEFAULT 'team',
  `role` enum('owner','manager','member') COLLATE utf8mb4_unicode_ci DEFAULT 'member',
  `created_at` timestamp NULL DEFAULT CURRENT_TIMESTAMP,
  PRIMARY KEY (`id`),
  UNIQUE KEY `unique_project_member` (`project_id`,`user_id`,`user_type`),
  KEY `idx_project` (`project_id`),
  KEY `idx_user` (`user_id`,`user_type`)
) ENGINE=InnoDB AUTO_INCREMENT=9 DEFAULT CHARSET=utf8mb4 COLLATE=utf8mb4_unicode_ci;

--
-- Dumping data for table `project_members`
--

INSERT INTO `project_members` (`id`, `project_id`, `user_id`, `user_type`, `role`, `created_at`) VALUES
(6, 8, 7, 'team', 'member', '2025-08-11 12:24:08'),
(7, 8, 8, 'team', 'member', '2025-08-11 12:24:08');

-- --------------------------------------------------------

--
-- Table structure for table `project_teams`
--

DROP TABLE IF EXISTS `project_teams`;
CREATE TABLE IF NOT EXISTS `project_teams` (
  `id` int NOT NULL AUTO_INCREMENT,
  `project_id` int NOT NULL,
  `team_id` int NOT NULL,
  `role` enum('primary','secondary','support') COLLATE utf8mb4_unicode_ci DEFAULT 'primary',
  `start_date` date NOT NULL,
  `end_date` date DEFAULT NULL,
  `hours_per_day` decimal(4,2) DEFAULT '8.00',
  `created_at` timestamp NULL DEFAULT CURRENT_TIMESTAMP,
  `updated_at` timestamp NULL DEFAULT CURRENT_TIMESTAMP ON UPDATE CURRENT_TIMESTAMP,
  PRIMARY KEY (`id`),
  UNIQUE KEY `unique_project_team` (`project_id`,`team_id`),
  KEY `idx_project` (`project_id`),
  KEY `idx_team` (`team_id`),
  KEY `idx_dates` (`start_date`,`end_date`)
) ENGINE=MyISAM AUTO_INCREMENT=3 DEFAULT CHARSET=utf8mb4 COLLATE=utf8mb4_unicode_ci;

--
-- Dumping data for table `project_teams`
--

INSERT INTO `project_teams` (`id`, `project_id`, `team_id`, `role`, `start_date`, `end_date`, `hours_per_day`, `created_at`, `updated_at`) VALUES
(2, 8, 2, '', '2025-08-11', NULL, 8.00, '2025-08-11 12:24:08', '2025-08-11 12:24:08');

-- --------------------------------------------------------

--
-- Table structure for table `review_rounds`
--

DROP TABLE IF EXISTS `review_rounds`;
CREATE TABLE IF NOT EXISTS `review_rounds` (
  `id` int NOT NULL AUTO_INCREMENT,
  `stage_id` int NOT NULL,
  `name` varchar(255) COLLATE utf8mb4_unicode_ci NOT NULL,
  `status` enum('pending','in-progress','approved','rejected') COLLATE utf8mb4_unicode_ci DEFAULT 'pending',
  `start_date` date DEFAULT NULL,
  `end_date` date DEFAULT NULL,
  `comments` text COLLATE utf8mb4_unicode_ci,
  `created_at` timestamp NULL DEFAULT CURRENT_TIMESTAMP,
  `updated_at` timestamp NULL DEFAULT CURRENT_TIMESTAMP ON UPDATE CURRENT_TIMESTAMP,
  PRIMARY KEY (`id`),
  KEY `idx_stage` (`stage_id`),
  KEY `idx_status` (`status`)
) ENGINE=InnoDB DEFAULT CHARSET=utf8mb4 COLLATE=utf8mb4_unicode_ci;

-- --------------------------------------------------------

--
-- Table structure for table `review_round_reviewers`
--

DROP TABLE IF EXISTS `review_round_reviewers`;
CREATE TABLE IF NOT EXISTS `review_round_reviewers` (
  `id` int NOT NULL AUTO_INCREMENT,
  `review_round_id` int NOT NULL,
  `reviewer_id` int NOT NULL,
  `reviewer_type` enum('admin','team') COLLATE utf8mb4_unicode_ci NOT NULL,
  `created_at` timestamp NULL DEFAULT CURRENT_TIMESTAMP,
  PRIMARY KEY (`id`),
  UNIQUE KEY `unique_review_reviewer` (`review_round_id`,`reviewer_id`,`reviewer_type`),
  KEY `idx_review_round` (`review_round_id`),
  KEY `idx_reviewer` (`reviewer_id`,`reviewer_type`)
) ENGINE=InnoDB DEFAULT CHARSET=utf8mb4 COLLATE=utf8mb4_unicode_ci;

-- --------------------------------------------------------

--
-- Table structure for table `skills`
--

DROP TABLE IF EXISTS `skills`;
CREATE TABLE IF NOT EXISTS `skills` (
  `id` int NOT NULL AUTO_INCREMENT,
  `name` varchar(100) COLLATE utf8mb4_unicode_ci NOT NULL,
  `description` text COLLATE utf8mb4_unicode_ci,
  `is_default` tinyint(1) DEFAULT '0',
  `created_at` timestamp NULL DEFAULT CURRENT_TIMESTAMP,
  `updated_at` timestamp NULL DEFAULT CURRENT_TIMESTAMP ON UPDATE CURRENT_TIMESTAMP,
  PRIMARY KEY (`id`),
  UNIQUE KEY `name` (`name`)
) ENGINE=InnoDB AUTO_INCREMENT=14 DEFAULT CHARSET=utf8mb4 COLLATE=utf8mb4_unicode_ci;

--
-- Dumping data for table `skills`
--

INSERT INTO `skills` (`id`, `name`, `description`, `is_default`, `created_at`, `updated_at`) VALUES
(1, 'Content Writers', 'Creating written educational and marketing content', 1, '2025-08-09 06:56:11', '2025-08-09 06:56:11'),
(2, 'Instructional Designers', 'Designing effective learning experiences', 1, '2025-08-09 06:56:11', '2025-08-09 06:56:11'),
(3, 'Graphic Designers', 'Visual design and creative assets', 1, '2025-08-09 06:56:11', '2025-08-09 06:56:11'),
(4, 'Developers', 'Software development and programming', 1, '2025-08-09 06:56:11', '2025-08-09 06:56:11'),
(5, 'Animators', 'Animation and motion graphics', 1, '2025-08-09 06:56:11', '2025-08-09 06:56:11'),
(6, 'Tech', 'Technical support and system administration', 1, '2025-08-09 06:56:11', '2025-08-09 06:56:11'),
(7, 'Sales', 'Sales and business development', 1, '2025-08-09 06:56:11', '2025-08-09 06:56:11'),
(8, 'Marketing', 'Marketing and promotional activities', 1, '2025-08-09 06:56:11', '2025-08-09 06:56:11'),
(9, 'QA', 'Quality assurance and testing', 1, '2025-08-09 06:56:11', '2025-08-09 06:56:11'),
(10, 'Instructional Design', 'Skill for Instructional Design', 0, '2025-08-11 09:00:01', '2025-08-11 09:00:01');

-- --------------------------------------------------------

--
-- Table structure for table `stages`
--

DROP TABLE IF EXISTS `stages`;
CREATE TABLE IF NOT EXISTS `stages` (
  `id` int NOT NULL AUTO_INCREMENT,
  `project_id` int NOT NULL,
  `name` varchar(255) COLLATE utf8mb4_unicode_ci NOT NULL,
  `description` text COLLATE utf8mb4_unicode_ci,
  `order_index` int DEFAULT '0',
  `weight` decimal(5,2) DEFAULT '0.00',
  `status` enum('not-started','in-progress','under-review','completed') COLLATE utf8mb4_unicode_ci DEFAULT 'not-started',
  `progress` int DEFAULT '0',
  `start_date` date DEFAULT NULL,
  `end_date` date DEFAULT NULL,
  `parent_stage_id` int DEFAULT NULL,
  `created_at` timestamp NULL DEFAULT CURRENT_TIMESTAMP,
  `updated_at` timestamp NULL DEFAULT CURRENT_TIMESTAMP ON UPDATE CURRENT_TIMESTAMP,
  PRIMARY KEY (`id`),
  KEY `idx_project` (`project_id`),
  KEY `idx_order` (`order_index`),
  KEY `idx_parent_stage` (`parent_stage_id`),
  KEY `idx_stages_project_status` (`project_id`,`status`)
) ;

--
-- Dumping data for table `stages`
--

INSERT INTO `stages` (`id`, `project_id`, `name`, `description`, `order_index`, `weight`, `status`, `progress`, `start_date`, `end_date`, `parent_stage_id`, `created_at`, `updated_at`) VALUES
(1, 1, 'Planning', 'Project planning and requirement analysis', 1, 20.00, 'not-started', 0, NULL, NULL, NULL, '2025-08-09 12:27:18', '2025-08-09 12:27:18'),
(2, 2, 'Planning', 'Project planning and requirement analysis', 1, 20.00, 'not-started', 0, NULL, NULL, NULL, '2025-08-09 12:27:18', '2025-08-09 12:27:18'),
(3, 3, 'Planning', 'Project planning and requirement analysis', 1, 20.00, 'not-started', 0, NULL, NULL, NULL, '2025-08-09 12:27:18', '2025-08-09 12:27:18'),
(4, 4, 'Planning', 'Project planning and requirement analysis', 1, 20.00, 'not-started', 0, NULL, NULL, NULL, '2025-08-09 12:27:18', '2025-08-09 12:27:18'),
(6, 1, 'Development', 'Main development and implementation phase', 2, 50.00, 'not-started', 0, NULL, NULL, NULL, '2025-08-09 12:27:18', '2025-08-09 12:27:18'),
(7, 2, 'Development', 'Main development and implementation phase', 2, 50.00, 'not-started', 0, NULL, NULL, NULL, '2025-08-09 12:27:18', '2025-08-09 12:27:18'),
(8, 3, 'Development', 'Main development and implementation phase', 2, 50.00, 'not-started', 0, NULL, NULL, NULL, '2025-08-09 12:27:18', '2025-08-09 12:27:18'),
(9, 4, 'Development', 'Main development and implementation phase', 2, 50.00, 'not-started', 0, NULL, NULL, NULL, '2025-08-09 12:27:18', '2025-08-09 12:27:18'),
(11, 1, 'Review', 'Quality assurance and review phase', 3, 20.00, 'not-started', 0, NULL, NULL, NULL, '2025-08-09 12:27:18', '2025-08-09 12:27:18'),
(12, 2, 'Review', 'Quality assurance and review phase', 3, 20.00, 'not-started', 0, NULL, NULL, NULL, '2025-08-09 12:27:18', '2025-08-09 12:27:18'),
(13, 3, 'Review', 'Quality assurance and review phase', 3, 20.00, 'not-started', 0, NULL, NULL, NULL, '2025-08-09 12:27:18', '2025-08-09 12:27:18'),
(14, 4, 'Review', 'Quality assurance and review phase', 3, 20.00, 'not-started', 0, NULL, NULL, NULL, '2025-08-09 12:27:18', '2025-08-09 12:27:18'),
(16, 1, 'Completion', 'Final delivery and project closure', 4, 10.00, 'not-started', 0, NULL, NULL, NULL, '2025-08-09 12:27:18', '2025-08-09 12:27:18'),
(17, 2, 'Completion', 'Final delivery and project closure', 4, 10.00, 'not-started', 0, NULL, NULL, NULL, '2025-08-09 12:27:18', '2025-08-09 12:27:18'),
(18, 3, 'Completion', 'Final delivery and project closure', 4, 10.00, 'not-started', 0, NULL, NULL, NULL, '2025-08-09 12:27:18', '2025-08-09 12:27:18'),
(19, 4, 'Completion', 'Final delivery and project closure', 4, 10.00, 'not-started', 0, NULL, NULL, NULL, '2025-08-09 12:27:18', '2025-08-09 12:27:18');

-- --------------------------------------------------------

--
-- Table structure for table `stage_templates`
--

DROP TABLE IF EXISTS `stage_templates`;
CREATE TABLE IF NOT EXISTS `stage_templates` (
  `id` int NOT NULL AUTO_INCREMENT,
  `category_id` int NOT NULL,
  `stage_id` int NOT NULL,
  `order_index` int DEFAULT '0',
  `is_default` tinyint(1) DEFAULT '0',
  `created_at` timestamp NULL DEFAULT CURRENT_TIMESTAMP,
  `updated_at` timestamp NULL DEFAULT CURRENT_TIMESTAMP ON UPDATE CURRENT_TIMESTAMP,
  PRIMARY KEY (`id`),
  KEY `idx_category` (`category_id`),
  KEY `idx_stage` (`stage_id`),
  KEY `idx_order` (`order_index`)
) ENGINE=InnoDB AUTO_INCREMENT=24 DEFAULT CHARSET=utf8mb4 COLLATE=utf8mb4_unicode_ci;

--
-- Dumping data for table `stage_templates`
--

INSERT INTO `stage_templates` (`id`, `category_id`, `stage_id`, `order_index`, `is_default`, `created_at`, `updated_at`) VALUES
(1, 1, 1, 1, 1, '2025-08-14 06:23:11', '2025-08-14 06:23:11'),
(2, 1, 2, 2, 0, '2025-08-14 06:23:11', '2025-08-14 06:23:11'),
(3, 1, 3, 3, 0, '2025-08-14 06:23:11', '2025-08-14 06:23:11'),
(4, 1, 4, 4, 0, '2025-08-14 06:23:11', '2025-08-14 06:23:11'),
(5, 1, 5, 5, 0, '2025-08-14 06:23:11', '2025-08-14 06:23:11'),
(6, 1, 6, 6, 0, '2025-08-14 06:23:11', '2025-08-14 06:23:11'),
(7, 1, 7, 7, 0, '2025-08-14 06:23:11', '2025-08-14 06:23:11'),
(8, 1, 8, 8, 0, '2025-08-14 06:23:11', '2025-08-14 06:23:11'),
(9, 2, 9, 1, 1, '2025-08-14 06:23:11', '2025-08-14 06:23:11'),
(10, 2, 10, 2, 0, '2025-08-14 06:23:11', '2025-08-14 06:23:11'),
(11, 2, 11, 3, 0, '2025-08-14 06:23:11', '2025-08-14 06:23:11'),
(12, 2, 12, 4, 0, '2025-08-14 06:23:11', '2025-08-14 06:23:11'),
(13, 2, 13, 5, 0, '2025-08-14 06:23:11', '2025-08-14 06:23:11'),
(14, 2, 14, 6, 0, '2025-08-14 06:23:11', '2025-08-14 06:23:11'),
(15, 2, 15, 7, 0, '2025-08-14 06:23:11', '2025-08-14 06:23:11'),
(16, 3, 1, 1, 1, '2025-08-14 06:23:11', '2025-08-14 06:23:11'),
(17, 3, 3, 2, 0, '2025-08-14 06:23:11', '2025-08-14 06:23:11'),
(18, 3, 4, 3, 0, '2025-08-14 06:23:11', '2025-08-14 06:23:11'),
(19, 3, 5, 4, 0, '2025-08-14 06:23:11', '2025-08-14 06:23:11'),
(20, 3, 6, 5, 0, '2025-08-14 06:23:11', '2025-08-14 07:02:50'),
(21, 3, 7, 6, 0, '2025-08-14 06:23:11', '2025-08-14 07:02:51'),
(22, 3, 8, 7, 0, '2025-08-14 06:23:11', '2025-08-14 07:02:51');

-- --------------------------------------------------------

--
-- Table structure for table `tasks`
--

DROP TABLE IF EXISTS `tasks`;
CREATE TABLE IF NOT EXISTS `tasks` (
  `id` int NOT NULL AUTO_INCREMENT,
  `name` varchar(255) COLLATE utf8mb4_unicode_ci NOT NULL,
  `description` text COLLATE utf8mb4_unicode_ci,
  `project_id` int NOT NULL,
  `stage_id` int NOT NULL,
  `grade_id` int DEFAULT NULL,
  `book_id` int DEFAULT NULL,
  `unit_id` int DEFAULT NULL,
  `lesson_id` int DEFAULT NULL,
  `component_path` text COLLATE utf8mb4_unicode_ci,
  `status` enum('not-started','in-progress','under-review','completed','blocked') COLLATE utf8mb4_unicode_ci DEFAULT 'not-started',
  `priority` enum('low','medium','high','urgent') COLLATE utf8mb4_unicode_ci DEFAULT 'medium',
  `start_date` date NOT NULL,
  `end_date` date NOT NULL,
  `progress` int DEFAULT '0',
  `estimated_hours` decimal(8,2) DEFAULT '0.00',
  `actual_hours` decimal(8,2) DEFAULT '0.00',
  `created_by` int DEFAULT NULL,
  `created_at` timestamp NULL DEFAULT CURRENT_TIMESTAMP,
  `updated_at` timestamp NULL DEFAULT CURRENT_TIMESTAMP ON UPDATE CURRENT_TIMESTAMP,
  PRIMARY KEY (`id`),
  KEY `book_id` (`book_id`),
  KEY `unit_id` (`unit_id`),
  KEY `lesson_id` (`lesson_id`),
  KEY `created_by` (`created_by`),
  KEY `idx_project` (`project_id`),
  KEY `idx_stage` (`stage_id`),
  KEY `idx_status` (`status`),
  KEY `idx_priority` (`priority`),
  KEY `idx_dates` (`start_date`,`end_date`),
  KEY `idx_components` (`grade_id`,`book_id`,`unit_id`,`lesson_id`),
  KEY `idx_tasks_project_status` (`project_id`,`status`)
) ;

--
-- Dumping data for table `tasks`
--

INSERT INTO `tasks` (`id`, `name`, `description`, `project_id`, `stage_id`, `grade_id`, `book_id`, `unit_id`, `lesson_id`, `component_path`, `status`, `priority`, `start_date`, `end_date`, `progress`, `estimated_hours`, `actual_hours`, `created_by`, `created_at`, `updated_at`) VALUES
(1, 'Login Page', 'Login Page', 8, 1, NULL, NULL, NULL, NULL, '', 'completed', 'medium', '2025-08-09', '2025-08-10', 0, 8.00, 0.00, 1, '2025-08-09 13:46:05', '2025-08-12 07:56:28'),
(2, 'Register Page', 'Register Page', 8, 1, NULL, NULL, NULL, NULL, '', 'under-review', 'high', '2025-08-11', '2025-08-18', 0, 45.00, 75.00, 1, '2025-08-11 12:34:09', '2025-08-12 06:53:27'),
(5, 'Task name', 'Description', 8, 1, NULL, NULL, NULL, NULL, '', 'completed', 'low', '2025-08-11', '2025-08-14', 100, 8.00, 0.00, 1, '2025-08-11 13:36:06', '2025-08-18 06:42:01'),
(6, 'bfdfbfdv', 'bfdfbfdv', 8, 1, NULL, NULL, NULL, NULL, '', 'in-progress', 'high', '2025-08-12', '2025-08-19', 50, 8.00, 0.00, 1, '2025-08-12 06:51:40', '2025-08-14 09:19:59'),
(10, 'sdsdfds', 'dsfsdf', 8, 1, 3, 1, 1, 1, '', 'under-review', 'medium', '2025-08-12', '2025-08-19', 90, 8.00, 0.00, 1, '2025-08-12 13:55:35', '2025-08-13 06:35:28'),
(13, 'New Test', 'New Test', 8, 1, 3, 1, NULL, NULL, '', 'in-progress', 'medium', '2025-08-18', '2025-08-25', 50, 8.00, 0.00, 1, '2025-08-18 06:15:07', '2025-08-18 06:23:11'),
(14, 'asddas', 'sadasd', 8, 1, NULL, NULL, NULL, NULL, '', 'under-review', 'medium', '2025-08-18', '2025-08-25', 90, 8.00, 0.00, 1, '2025-08-18 06:23:59', '2025-08-18 06:23:59'),
(15, 'asdasdasdasd', 'adsasdasd', 8, 1, 3, 1, 1, NULL, '', 'in-progress', 'medium', '2025-08-18', '2025-08-25', 50, 8.00, 0.00, 1, '2025-08-18 06:24:39', '2025-08-18 06:40:24');

-- --------------------------------------------------------

--
-- Table structure for table `task_assignees`
--

DROP TABLE IF EXISTS `task_assignees`;
CREATE TABLE IF NOT EXISTS `task_assignees` (
  `id` int NOT NULL AUTO_INCREMENT,
  `task_id` int NOT NULL,
  `assignee_id` int NOT NULL,
  `assignee_type` enum('admin','team') COLLATE utf8mb4_unicode_ci NOT NULL,
  `created_at` timestamp NULL DEFAULT CURRENT_TIMESTAMP,
  PRIMARY KEY (`id`),
  UNIQUE KEY `unique_task_assignee` (`task_id`,`assignee_id`,`assignee_type`),
  KEY `idx_task` (`task_id`),
  KEY `idx_assignee` (`assignee_id`,`assignee_type`),
  KEY `idx_tasks_assignee_status` (`assignee_id`,`assignee_type`)
) ENGINE=InnoDB AUTO_INCREMENT=60 DEFAULT CHARSET=utf8mb4 COLLATE=utf8mb4_unicode_ci;

--
-- Dumping data for table `task_assignees`
--

INSERT INTO `task_assignees` (`id`, `task_id`, `assignee_id`, `assignee_type`, `created_at`) VALUES
(20, 10, 2, 'team', '2025-08-13 06:35:28'),
(21, 10, 6, 'team', '2025-08-13 06:35:28'),
(22, 6, 1, 'team', '2025-08-14 09:19:59'),
(23, 6, 7, 'team', '2025-08-14 09:19:59'),
(24, 6, 8, 'team', '2025-08-14 09:19:59'),
(35, 13, 1, 'team', '2025-08-18 06:23:11'),
(36, 13, 8, 'team', '2025-08-18 06:23:11'),
(37, 13, 7, 'team', '2025-08-18 06:23:11'),
(38, 14, 7, 'team', '2025-08-18 06:23:59'),
(39, 14, 2, 'team', '2025-08-18 06:23:59'),
(54, 15, 2, 'team', '2025-08-18 06:40:24'),
(55, 15, 7, 'team', '2025-08-18 06:40:24'),
(56, 15, 8, 'team', '2025-08-18 06:40:24'),
(57, 5, 2, 'team', '2025-08-18 06:42:01'),
(58, 5, 7, 'team', '2025-08-18 06:42:01'),
(59, 5, 8, 'team', '2025-08-18 06:42:01');

-- --------------------------------------------------------

--
-- Table structure for table `task_extensions`
--

DROP TABLE IF EXISTS `task_extensions`;
CREATE TABLE IF NOT EXISTS `task_extensions` (
  `id` int NOT NULL AUTO_INCREMENT,
  `task_id` int NOT NULL,
  `requested_by` int NOT NULL COMMENT 'ID of the user requesting extension (team_member_id or admin_user_id)',
  `requested_by_type` enum('admin','team') CHARACTER SET utf8mb4 COLLATE utf8mb4_unicode_ci NOT NULL COMMENT 'Type of user requesting extension',
  `current_due_date` date NOT NULL COMMENT 'Original due date before extension',
  `requested_due_date` date NOT NULL COMMENT 'New requested due date',
  `reason` text CHARACTER SET utf8mb4 COLLATE utf8mb4_unicode_ci NOT NULL COMMENT 'Reason for extension request',
  `status` enum('pending','approved','rejected') CHARACTER SET utf8mb4 COLLATE utf8mb4_unicode_ci DEFAULT 'pending' COMMENT 'Status of extension request',
  `reviewed_by` int DEFAULT NULL COMMENT 'ID of admin who reviewed the request',
  `reviewed_at` timestamp NULL DEFAULT NULL COMMENT 'When the request was reviewed',
  `review_notes` text CHARACTER SET utf8mb4 COLLATE utf8mb4_unicode_ci COMMENT 'Notes from admin review',
  `created_at` timestamp NULL DEFAULT CURRENT_TIMESTAMP,
  `updated_at` timestamp NULL DEFAULT CURRENT_TIMESTAMP ON UPDATE CURRENT_TIMESTAMP,
  PRIMARY KEY (`id`),
  KEY `idx_task` (`task_id`),
  KEY `idx_requested_by` (`requested_by`,`requested_by_type`),
  KEY `idx_status` (`status`),
  KEY `idx_reviewed_by` (`reviewed_by`),
  KEY `idx_dates` (`current_due_date`,`requested_due_date`),
  KEY `idx_task_extensions_task_status` (`task_id`,`status`),
  KEY `idx_task_extensions_requester` (`requested_by`,`requested_by_type`,`status`)
) ENGINE=InnoDB AUTO_INCREMENT=2 DEFAULT CHARSET=utf8mb4 COLLATE=utf8mb4_unicode_ci COMMENT='Track extension requests for tasks - allows team members to request deadline extensions';

--
-- Dumping data for table `task_extensions`
--

INSERT INTO `task_extensions` (`id`, `task_id`, `requested_by`, `requested_by_type`, `current_due_date`, `requested_due_date`, `reason`, `status`, `reviewed_by`, `reviewed_at`, `review_notes`, `created_at`, `updated_at`) VALUES
(1, 6, 7, 'admin', '2025-08-19', '2025-08-22', 'Please Update this', 'pending', NULL, NULL, NULL, '2025-08-18 07:32:44', '2025-08-18 07:32:44');

-- --------------------------------------------------------

--
-- Table structure for table `task_remarks`
--

DROP TABLE IF EXISTS `task_remarks`;
CREATE TABLE IF NOT EXISTS `task_remarks` (
  `id` int NOT NULL AUTO_INCREMENT,
  `task_id` int NOT NULL,
  `added_by` int NOT NULL COMMENT 'ID of the user adding remark (team_member_id or admin_user_id)',
  `added_by_type` enum('admin','team') CHARACTER SET utf8mb4 COLLATE utf8mb4_unicode_ci NOT NULL COMMENT 'Type of user adding remark',
  `remark_date` date NOT NULL COMMENT 'Date for the remark (can be current date or selected date)',
  `remark` text CHARACTER SET utf8mb4 COLLATE utf8mb4_unicode_ci NOT NULL COMMENT 'The remark/comment content',
  `remark_type` enum('general','progress','issue','update','other') CHARACTER SET utf8mb4 COLLATE utf8mb4_unicode_ci DEFAULT 'general' COMMENT 'Type of remark for categorization',
  `is_private` tinyint(1) DEFAULT '0' COMMENT 'Whether remark is private (only visible to admins)',
  `created_at` timestamp NULL DEFAULT CURRENT_TIMESTAMP,
  `updated_at` timestamp NULL DEFAULT CURRENT_TIMESTAMP ON UPDATE CURRENT_TIMESTAMP,
  PRIMARY KEY (`id`),
  KEY `idx_task` (`task_id`),
  KEY `idx_added_by` (`added_by`,`added_by_type`),
  KEY `idx_remark_date` (`remark_date`),
  KEY `idx_remark_type` (`remark_type`),
  KEY `idx_private` (`is_private`),
  KEY `idx_task_remarks_task_date` (`task_id`,`remark_date`),
  KEY `idx_task_remarks_user` (`added_by`,`added_by_type`),
  KEY `idx_task_remarks_type` (`remark_type`,`is_private`)
) ENGINE=InnoDB AUTO_INCREMENT=2 DEFAULT CHARSET=utf8mb4 COLLATE=utf8mb4_unicode_ci COMMENT='Track remarks/comments on tasks - allows users to add notes and updates';

--
-- Dumping data for table `task_remarks`
--

INSERT INTO `task_remarks` (`id`, `task_id`, `added_by`, `added_by_type`, `remark_date`, `remark`, `remark_type`, `is_private`, `created_at`, `updated_at`) VALUES
(1, 13, 7, 'admin', '2025-08-18', 'Hello', 'progress', 0, '2025-08-18 08:04:13', '2025-08-18 08:04:13');

-- --------------------------------------------------------

--
-- Stand-in structure for view `task_remarks_with_users`
-- (See below for the actual view)
--
DROP VIEW IF EXISTS `task_remarks_with_users`;
CREATE TABLE IF NOT EXISTS `task_remarks_with_users` (
`added_by` int
,`added_by_type` enum('admin','team')
,`created_at` timestamp
,`id` int
,`is_private` tinyint(1)
,`remark` text
,`remark_date` date
,`remark_type` enum('general','progress','issue','update','other')
,`task_id` int
,`task_name` varchar(255)
,`user_name` varchar(255)
);

-- --------------------------------------------------------

--
-- Table structure for table `task_skills`
--

DROP TABLE IF EXISTS `task_skills`;
CREATE TABLE IF NOT EXISTS `task_skills` (
  `id` int NOT NULL AUTO_INCREMENT,
  `task_id` int NOT NULL,
  `skill_id` int NOT NULL,
  `created_at` timestamp NULL DEFAULT CURRENT_TIMESTAMP,
  PRIMARY KEY (`id`),
  UNIQUE KEY `unique_task_skill` (`task_id`,`skill_id`),
  KEY `skill_id` (`skill_id`)
) ENGINE=InnoDB AUTO_INCREMENT=60 DEFAULT CHARSET=utf8mb4 COLLATE=utf8mb4_unicode_ci;

--
-- Dumping data for table `task_skills`
--

INSERT INTO `task_skills` (`id`, `task_id`, `skill_id`, `created_at`) VALUES
(16, 2, 4, '2025-08-12 06:53:27'),
(17, 2, 6, '2025-08-12 06:53:27'),
(18, 2, 3, '2025-08-12 06:53:27'),
(29, 1, 4, '2025-08-12 07:56:28'),
(30, 1, 6, '2025-08-12 07:56:28'),
(42, 6, 2, '2025-08-14 09:19:59'),
(43, 6, 10, '2025-08-14 09:19:59'),
(48, 13, 2, '2025-08-18 06:23:11'),
(49, 13, 7, '2025-08-18 06:23:11'),
(54, 15, 4, '2025-08-18 06:40:24'),
(55, 15, 6, '2025-08-18 06:40:24'),
(56, 5, 2, '2025-08-18 06:42:01'),
(57, 5, 3, '2025-08-18 06:42:01'),
(58, 5, 8, '2025-08-18 06:42:01'),
(59, 5, 10, '2025-08-18 06:42:01');

-- --------------------------------------------------------

--
-- Table structure for table `task_teams`
--

DROP TABLE IF EXISTS `task_teams`;
CREATE TABLE IF NOT EXISTS `task_teams` (
  `id` int NOT NULL AUTO_INCREMENT,
  `task_id` int NOT NULL,
  `team_id` int NOT NULL,
  `role` enum('primary','secondary','support') COLLATE utf8mb4_unicode_ci DEFAULT 'primary',
  `estimated_hours` decimal(8,2) DEFAULT '0.00',
  `actual_hours` decimal(8,2) DEFAULT '0.00',
  `created_at` timestamp NULL DEFAULT CURRENT_TIMESTAMP,
  `updated_at` timestamp NULL DEFAULT CURRENT_TIMESTAMP ON UPDATE CURRENT_TIMESTAMP,
  PRIMARY KEY (`id`),
  UNIQUE KEY `unique_task_team` (`task_id`,`team_id`),
  KEY `idx_task` (`task_id`),
  KEY `idx_team` (`team_id`)
) ENGINE=MyISAM DEFAULT CHARSET=utf8mb4 COLLATE=utf8mb4_unicode_ci;

-- --------------------------------------------------------

--
-- Table structure for table `teams`
--

DROP TABLE IF EXISTS `teams`;
CREATE TABLE IF NOT EXISTS `teams` (
  `id` int NOT NULL AUTO_INCREMENT,
  `name` varchar(255) COLLATE utf8mb4_unicode_ci NOT NULL,
  `description` text COLLATE utf8mb4_unicode_ci,
  `functional_unit_id` int DEFAULT NULL,
  `team_lead_id` int DEFAULT NULL,
  `team_lead_type` enum('admin','team') COLLATE utf8mb4_unicode_ci DEFAULT NULL,
  `max_capacity` int DEFAULT '10',
  `is_active` tinyint(1) DEFAULT '1',
  `created_at` timestamp NULL DEFAULT CURRENT_TIMESTAMP,
  `updated_at` timestamp NULL DEFAULT CURRENT_TIMESTAMP ON UPDATE CURRENT_TIMESTAMP,
  PRIMARY KEY (`id`),
  KEY `idx_functional_unit` (`functional_unit_id`),
  KEY `idx_team_lead` (`team_lead_id`,`team_lead_type`),
  KEY `idx_active` (`is_active`)
) ENGINE=MyISAM AUTO_INCREMENT=4 DEFAULT CHARSET=utf8mb4 COLLATE=utf8mb4_unicode_ci;

--
-- Dumping data for table `teams`
--

INSERT INTO `teams` (`id`, `name`, `description`, `functional_unit_id`, `team_lead_id`, `team_lead_type`, `max_capacity`, `is_active`, `created_at`, `updated_at`) VALUES
(2, 'IT Developers', 'IT Developers', NULL, NULL, 'team', 10, 1, '2025-08-11 08:55:34', '2025-08-11 08:55:34');

-- --------------------------------------------------------

--
-- Table structure for table `team_allocations`
--

DROP TABLE IF EXISTS `team_allocations`;
CREATE TABLE IF NOT EXISTS `team_allocations` (
  `id` int NOT NULL AUTO_INCREMENT,
  `user_id` int NOT NULL,
  `user_type` enum('admin','team') COLLATE utf8mb4_unicode_ci NOT NULL,
  `project_id` int NOT NULL,
  `task_id` int DEFAULT NULL,
  `hours_per_day` decimal(4,2) DEFAULT '8.00',
  `start_date` date NOT NULL,
  `end_date` date NOT NULL,
  `created_at` timestamp NULL DEFAULT CURRENT_TIMESTAMP,
  `updated_at` timestamp NULL DEFAULT CURRENT_TIMESTAMP ON UPDATE CURRENT_TIMESTAMP,
  PRIMARY KEY (`id`),
  KEY `task_id` (`task_id`),
  KEY `idx_user` (`user_id`,`user_type`),
  KEY `idx_project` (`project_id`),
  KEY `idx_dates` (`start_date`,`end_date`),
  KEY `idx_allocations_user_dates` (`user_id`,`user_type`,`start_date`,`end_date`)
) ENGINE=InnoDB AUTO_INCREMENT=19 DEFAULT CHARSET=utf8mb4 COLLATE=utf8mb4_unicode_ci;

--
-- Dumping data for table `team_allocations`
--

INSERT INTO `team_allocations` (`id`, `user_id`, `user_type`, `project_id`, `task_id`, `hours_per_day`, `start_date`, `end_date`, `created_at`, `updated_at`) VALUES
(1, 1, 'admin', 8, 6, 1.14, '2025-08-12', '2025-08-19', '2025-08-12 08:52:27', '2025-08-12 08:52:27'),
(2, 1, 'admin', 8, 6, 1.14, '2025-08-12', '2025-08-19', '2025-08-12 08:52:27', '2025-08-12 08:52:27'),
(3, 7, 'team', 8, 6, 1.14, '2025-08-12', '2025-08-19', '2025-08-12 08:52:27', '2025-08-12 08:52:27'),
(4, 7, 'team', 8, 6, 1.14, '2025-08-12', '2025-08-19', '2025-08-12 08:52:27', '2025-08-12 08:52:27'),
(5, 8, 'team', 8, 6, 1.14, '2025-08-12', '2025-08-19', '2025-08-12 08:52:27', '2025-08-12 08:52:27'),
(6, 8, 'team', 8, 6, 1.14, '2025-08-12', '2025-08-19', '2025-08-12 08:52:27', '2025-08-12 08:52:27'),
(7, 2, 'team', 8, 5, 2.67, '2025-08-11', '2025-08-14', '2025-08-12 08:52:27', '2025-08-12 08:52:27'),
(8, 2, 'team', 8, 5, 2.67, '2025-08-11', '2025-08-14', '2025-08-12 08:52:27', '2025-08-12 08:52:27'),
(9, 7, 'team', 8, 5, 2.67, '2025-08-11', '2025-08-14', '2025-08-12 08:52:27', '2025-08-12 08:52:27'),
(10, 7, 'team', 8, 5, 2.67, '2025-08-11', '2025-08-14', '2025-08-12 08:52:27', '2025-08-12 08:52:27'),
(11, 8, 'team', 8, 5, 2.67, '2025-08-11', '2025-08-14', '2025-08-12 08:52:27', '2025-08-12 08:52:27'),
(12, 8, 'team', 8, 5, 2.67, '2025-08-11', '2025-08-14', '2025-08-12 08:52:27', '2025-08-12 08:52:27');

-- --------------------------------------------------------

--
-- Table structure for table `team_members`
--

DROP TABLE IF EXISTS `team_members`;
CREATE TABLE IF NOT EXISTS `team_members` (
  `id` int NOT NULL AUTO_INCREMENT,
  `email` varchar(255) COLLATE utf8mb4_unicode_ci NOT NULL,
  `passcode` varchar(20) COLLATE utf8mb4_unicode_ci NOT NULL,
  `name` varchar(255) COLLATE utf8mb4_unicode_ci NOT NULL,
  `is_active` tinyint(1) DEFAULT '1',
  `last_login_at` timestamp NULL DEFAULT NULL,
  `created_at` timestamp NULL DEFAULT CURRENT_TIMESTAMP,
  `updated_at` timestamp NULL DEFAULT CURRENT_TIMESTAMP ON UPDATE CURRENT_TIMESTAMP,
  PRIMARY KEY (`id`),
  UNIQUE KEY `email` (`email`),
  KEY `idx_email` (`email`),
  KEY `idx_passcode` (`passcode`),
  KEY `idx_active` (`is_active`)
) ENGINE=InnoDB AUTO_INCREMENT=9 DEFAULT CHARSET=utf8mb4 COLLATE=utf8mb4_unicode_ci;

--
-- Dumping data for table `team_members`
--

INSERT INTO `team_members` (`id`, `email`, `passcode`, `name`, `is_active`, `last_login_at`, `created_at`, `updated_at`) VALUES
(1, 'sarah.johnson@company.com', 'DEMO123', 'Sarah Johnson', 1, NULL, '2025-08-09 06:56:11', '2025-08-11 06:52:26'),
(2, 'mike.chen@company.com', 'TECH456', 'Mikel Chen', 1, NULL, '2025-08-09 06:56:11', '2025-08-09 11:39:13'),
(3, 'emily.rodriguez@company.com', 'DESIGN789', 'Emily Rodriguez', 0, NULL, '2025-08-09 06:56:11', '2025-08-14 05:32:10'),
(4, 'david.kim@company.com', 'DAVID123', 'David Kim', 0, NULL, '2025-08-09 06:56:11', '2025-08-14 05:32:14'),
(5, 'lisa.thompson@company.com', 'MARKET99', 'Lisa Thompson', 1, NULL, '2025-08-09 06:56:11', '2025-08-09 06:56:11'),
(6, 'john.smith@company.com', 'WRITE42', 'John Smith', 0, NULL, '2025-08-09 06:56:11', '2025-08-14 05:32:12'),
(7, 'zaki@bylinelearning.com', 'ZAKI11', 'Zaki Shaikh', 1, '2025-08-18 07:32:13', '2025-08-09 11:36:07', '2025-08-18 07:32:13'),
(8, 'rahul.k@bylinelearning.com', 'RAHUL123', 'Rahul Kirad', 1, NULL, '2025-08-11 09:51:14', '2025-08-11 09:51:14');

-- --------------------------------------------------------

--
-- Table structure for table `team_members_teams`
--

DROP TABLE IF EXISTS `team_members_teams`;
CREATE TABLE IF NOT EXISTS `team_members_teams` (
  `id` int NOT NULL AUTO_INCREMENT,
  `team_id` int NOT NULL,
  `team_member_id` int NOT NULL,
  `role` enum('lead','senior','member','junior') COLLATE utf8mb4_unicode_ci DEFAULT 'member',
  `joined_date` date NOT NULL,
  `is_active` tinyint(1) DEFAULT '1',
  `created_at` timestamp NULL DEFAULT CURRENT_TIMESTAMP,
  `updated_at` timestamp NULL DEFAULT CURRENT_TIMESTAMP ON UPDATE CURRENT_TIMESTAMP,
  PRIMARY KEY (`id`),
  UNIQUE KEY `unique_team_member` (`team_id`,`team_member_id`),
  KEY `idx_team` (`team_id`),
  KEY `idx_member` (`team_member_id`),
  KEY `idx_active` (`is_active`)
) ENGINE=MyISAM AUTO_INCREMENT=5 DEFAULT CHARSET=utf8mb4 COLLATE=utf8mb4_unicode_ci;

--
-- Dumping data for table `team_members_teams`
--

INSERT INTO `team_members_teams` (`id`, `team_id`, `team_member_id`, `role`, `joined_date`, `is_active`, `created_at`, `updated_at`) VALUES
(1, 2, 7, 'member', '2025-08-11', 1, '2025-08-11 09:58:35', '2025-08-11 09:58:35'),
(2, 2, 8, 'member', '2025-08-11', 1, '2025-08-11 10:17:40', '2025-08-11 10:17:40');

-- --------------------------------------------------------

--
-- Table structure for table `team_member_sessions`
--

DROP TABLE IF EXISTS `team_member_sessions`;
CREATE TABLE IF NOT EXISTS `team_member_sessions` (
  `id` varchar(255) COLLATE utf8mb4_unicode_ci NOT NULL,
  `team_member_id` int NOT NULL,
  `expires_at` timestamp NOT NULL,
  `created_at` timestamp NULL DEFAULT CURRENT_TIMESTAMP,
  PRIMARY KEY (`id`),
  KEY `idx_team_member` (`team_member_id`),
  KEY `idx_expires` (`expires_at`)
) ENGINE=InnoDB DEFAULT CHARSET=utf8mb4 COLLATE=utf8mb4_unicode_ci;

-- --------------------------------------------------------

--
-- Table structure for table `team_member_skills`
--

DROP TABLE IF EXISTS `team_member_skills`;
CREATE TABLE IF NOT EXISTS `team_member_skills` (
  `id` int NOT NULL AUTO_INCREMENT,
  `team_member_id` int NOT NULL,
  `skill_id` int NOT NULL,
  `created_at` timestamp NULL DEFAULT CURRENT_TIMESTAMP,
  PRIMARY KEY (`id`),
  UNIQUE KEY `unique_member_skill` (`team_member_id`,`skill_id`),
  KEY `skill_id` (`skill_id`)
) ENGINE=InnoDB AUTO_INCREMENT=25 DEFAULT CHARSET=utf8mb4 COLLATE=utf8mb4_unicode_ci;

--
-- Dumping data for table `team_member_skills`
--

INSERT INTO `team_member_skills` (`id`, `team_member_id`, `skill_id`, `created_at`) VALUES
(5, 8, 6, '2025-08-11 09:51:14'),
(6, 8, 4, '2025-08-11 09:51:14'),
(13, 7, 4, '2025-08-11 09:58:35'),
(14, 7, 6, '2025-08-11 09:58:35'),
(21, 4, 5, '2025-08-11 10:42:00'),
(22, 4, 3, '2025-08-11 10:42:00'),
(23, 2, 7, '2025-08-11 10:46:21'),
(24, 2, 6, '2025-08-11 10:46:21');

-- --------------------------------------------------------

--
-- Table structure for table `team_performance`
--

DROP TABLE IF EXISTS `team_performance`;
CREATE TABLE IF NOT EXISTS `team_performance` (
  `id` int NOT NULL AUTO_INCREMENT,
  `team_id` int NOT NULL,
  `project_id` int DEFAULT NULL,
  `metric_type` enum('productivity','quality','timeliness','collaboration') COLLATE utf8mb4_unicode_ci NOT NULL,
  `metric_value` decimal(5,2) NOT NULL,
  `metric_date` date NOT NULL,
  `notes` text COLLATE utf8mb4_unicode_ci,
  `created_at` timestamp NULL DEFAULT CURRENT_TIMESTAMP,
  PRIMARY KEY (`id`),
  KEY `idx_team` (`team_id`),
  KEY `idx_project` (`project_id`),
  KEY `idx_metric_date` (`metric_date`)
) ENGINE=MyISAM DEFAULT CHARSET=utf8mb4 COLLATE=utf8mb4_unicode_ci;

-- --------------------------------------------------------

--
-- Table structure for table `team_skills`
--

DROP TABLE IF EXISTS `team_skills`;
CREATE TABLE IF NOT EXISTS `team_skills` (
  `id` int NOT NULL AUTO_INCREMENT,
  `team_id` int NOT NULL,
  `skill_id` int NOT NULL,
  `proficiency_level` enum('beginner','intermediate','advanced','expert') COLLATE utf8mb4_unicode_ci DEFAULT 'intermediate',
  `created_at` timestamp NULL DEFAULT CURRENT_TIMESTAMP,
  PRIMARY KEY (`id`),
  UNIQUE KEY `unique_team_skill` (`team_id`,`skill_id`),
  KEY `idx_team` (`team_id`),
  KEY `idx_skill` (`skill_id`)
) ENGINE=MyISAM AUTO_INCREMENT=2 DEFAULT CHARSET=utf8mb4 COLLATE=utf8mb4_unicode_ci;

--
-- Dumping data for table `team_skills`
--

INSERT INTO `team_skills` (`id`, `team_id`, `skill_id`, `proficiency_level`, `created_at`) VALUES
(1, 3, 10, 'intermediate', '2025-08-11 09:00:01');

-- --------------------------------------------------------

--
-- Table structure for table `units`
--

DROP TABLE IF EXISTS `units`;
CREATE TABLE IF NOT EXISTS `units` (
  `id` int NOT NULL AUTO_INCREMENT,
  `book_id` int NOT NULL,
  `name` varchar(255) COLLATE utf8mb4_unicode_ci NOT NULL,
  `description` text COLLATE utf8mb4_unicode_ci,
  `order_index` int DEFAULT '0',
  `weight` decimal(5,2) DEFAULT '0.00',
  `created_at` timestamp NULL DEFAULT CURRENT_TIMESTAMP,
  `updated_at` timestamp NULL DEFAULT CURRENT_TIMESTAMP ON UPDATE CURRENT_TIMESTAMP,
  PRIMARY KEY (`id`),
  KEY `idx_book` (`book_id`),
  KEY `idx_order` (`order_index`)
) ;

--
-- Dumping data for table `units`
--

INSERT INTO `units` (`id`, `book_id`, `name`, `description`, `order_index`, `weight`, `created_at`, `updated_at`) VALUES
(1, 1, 'Unit 1', 'Unit 1', 1, 0.00, '2025-08-11 07:53:12', '2025-08-11 07:53:12');

-- --------------------------------------------------------

--
-- Structure for view `active_extension_requests`
--
DROP TABLE IF EXISTS `active_extension_requests`;

DROP VIEW IF EXISTS `active_extension_requests`;
CREATE ALGORITHM=UNDEFINED DEFINER=`root`@`localhost` SQL SECURITY DEFINER VIEW `active_extension_requests`  AS SELECT `te`.`id` AS `id`, `te`.`task_id` AS `task_id`, `t`.`name` AS `task_name`, `te`.`requested_by` AS `requested_by`, `te`.`requested_by_type` AS `requested_by_type`, (case when (`te`.`requested_by_type` = 'team') then `tm`.`name` when (`te`.`requested_by_type` = 'admin') then `au`.`name` else 'Unknown' end) AS `requester_name`, `te`.`current_due_date` AS `current_due_date`, `te`.`requested_due_date` AS `requested_due_date`, `te`.`reason` AS `reason`, `te`.`status` AS `status`, `te`.`created_at` AS `created_at` FROM (((`task_extensions` `te` join `tasks` `t` on((`te`.`task_id` = `t`.`id`))) left join `team_members` `tm` on(((`te`.`requested_by` = `tm`.`id`) and (`te`.`requested_by_type` = 'team')))) left join `admin_users` `au` on(((`te`.`requested_by` = `au`.`id`) and (`te`.`requested_by_type` = 'admin')))) WHERE (`te`.`status` = 'pending') ORDER BY `te`.`created_at` DESC ;

-- --------------------------------------------------------

--
-- Structure for view `task_remarks_with_users`
--
DROP TABLE IF EXISTS `task_remarks_with_users`;

DROP VIEW IF EXISTS `task_remarks_with_users`;
CREATE ALGORITHM=UNDEFINED DEFINER=`root`@`localhost` SQL SECURITY DEFINER VIEW `task_remarks_with_users`  AS SELECT `tr`.`id` AS `id`, `tr`.`task_id` AS `task_id`, `t`.`name` AS `task_name`, `tr`.`added_by` AS `added_by`, `tr`.`added_by_type` AS `added_by_type`, (case when (`tr`.`added_by_type` = 'team') then `tm`.`name` when (`tr`.`added_by_type` = 'admin') then `au`.`name` else 'Unknown' end) AS `user_name`, `tr`.`remark_date` AS `remark_date`, `tr`.`remark` AS `remark`, `tr`.`remark_type` AS `remark_type`, `tr`.`is_private` AS `is_private`, `tr`.`created_at` AS `created_at` FROM (((`task_remarks` `tr` join `tasks` `t` on((`tr`.`task_id` = `t`.`id`))) left join `team_members` `tm` on(((`tr`.`added_by` = `tm`.`id`) and (`tr`.`added_by_type` = 'team')))) left join `admin_users` `au` on(((`tr`.`added_by` = `au`.`id`) and (`tr`.`added_by_type` = 'admin')))) ORDER BY `tr`.`remark_date` DESC, `tr`.`created_at` DESC ;

--
-- Indexes for dumped tables
--

--
-- Indexes for table `admin_users`
--
ALTER TABLE `admin_users` ADD FULLTEXT KEY `name` (`name`,`email`);

--
-- Indexes for table `projects`
--
ALTER TABLE `projects` ADD FULLTEXT KEY `name` (`name`,`description`);

--
-- Indexes for table `tasks`
--
ALTER TABLE `tasks` ADD FULLTEXT KEY `name` (`name`,`description`);

--
-- Indexes for table `team_members`
--
ALTER TABLE `team_members` ADD FULLTEXT KEY `name` (`name`,`email`);

--
-- Constraints for dumped tables
--

--
-- Constraints for table `admin_sessions`
--
ALTER TABLE `admin_sessions`
  ADD CONSTRAINT `admin_sessions_ibfk_1` FOREIGN KEY (`user_id`) REFERENCES `admin_users` (`id`) ON DELETE CASCADE;

--
-- Constraints for table `admin_user_skills`
--
ALTER TABLE `admin_user_skills`
  ADD CONSTRAINT `admin_user_skills_ibfk_1` FOREIGN KEY (`user_id`) REFERENCES `admin_users` (`id`) ON DELETE CASCADE,
  ADD CONSTRAINT `admin_user_skills_ibfk_2` FOREIGN KEY (`skill_id`) REFERENCES `skills` (`id`) ON DELETE CASCADE;

--
-- Constraints for table `books`
--
ALTER TABLE `books`
  ADD CONSTRAINT `books_ibfk_1` FOREIGN KEY (`grade_id`) REFERENCES `grades` (`id`) ON DELETE CASCADE;

--
-- Constraints for table `functional_unit_skills`
--
ALTER TABLE `functional_unit_skills`
  ADD CONSTRAINT `functional_unit_skills_ibfk_1` FOREIGN KEY (`functional_unit_id`) REFERENCES `functional_units` (`id`) ON DELETE CASCADE,
  ADD CONSTRAINT `functional_unit_skills_ibfk_2` FOREIGN KEY (`skill_id`) REFERENCES `skills` (`id`) ON DELETE CASCADE;

--
-- Constraints for table `grades`
--
ALTER TABLE `grades`
  ADD CONSTRAINT `grades_ibfk_1` FOREIGN KEY (`project_id`) REFERENCES `projects` (`id`) ON DELETE CASCADE;

--
-- Constraints for table `lessons`
--
ALTER TABLE `lessons`
  ADD CONSTRAINT `lessons_ibfk_1` FOREIGN KEY (`unit_id`) REFERENCES `units` (`id`) ON DELETE CASCADE;

--
-- Constraints for table `performance_flags`
--
ALTER TABLE `performance_flags`
  ADD CONSTRAINT `performance_flags_ibfk_1` FOREIGN KEY (`team_member_id`) REFERENCES `team_members` (`id`) ON DELETE CASCADE;

--
-- Constraints for table `projects`
--
ALTER TABLE `projects`
  ADD CONSTRAINT `projects_current_stage_fk` FOREIGN KEY (`current_stage_id`) REFERENCES `category_stages` (`id`) ON DELETE SET NULL,
  ADD CONSTRAINT `projects_ibfk_1` FOREIGN KEY (`category_id`) REFERENCES `categories` (`id`) ON DELETE SET NULL,
  ADD CONSTRAINT `projects_ibfk_2` FOREIGN KEY (`created_by`) REFERENCES `admin_users` (`id`) ON DELETE SET NULL,
  ADD CONSTRAINT `projects_ibfk_3` FOREIGN KEY (`parent_id`) REFERENCES `projects` (`id`) ON DELETE CASCADE;

--
-- Constraints for table `project_members`
--
ALTER TABLE `project_members`
  ADD CONSTRAINT `project_members_ibfk_1` FOREIGN KEY (`project_id`) REFERENCES `projects` (`id`) ON DELETE CASCADE;

--
-- Constraints for table `review_rounds`
--
ALTER TABLE `review_rounds`
  ADD CONSTRAINT `review_rounds_ibfk_1` FOREIGN KEY (`stage_id`) REFERENCES `stages` (`id`) ON DELETE CASCADE;

--
-- Constraints for table `review_round_reviewers`
--
ALTER TABLE `review_round_reviewers`
  ADD CONSTRAINT `review_round_reviewers_ibfk_1` FOREIGN KEY (`review_round_id`) REFERENCES `review_rounds` (`id`) ON DELETE CASCADE;

--
-- Constraints for table `stages`
--
ALTER TABLE `stages`
  ADD CONSTRAINT `stages_ibfk_1` FOREIGN KEY (`project_id`) REFERENCES `projects` (`id`) ON DELETE CASCADE,
  ADD CONSTRAINT `stages_ibfk_2` FOREIGN KEY (`parent_stage_id`) REFERENCES `stages` (`id`) ON DELETE CASCADE;

--
-- Constraints for table `stage_templates`
--
ALTER TABLE `stage_templates`
  ADD CONSTRAINT `stage_templates_ibfk_1` FOREIGN KEY (`category_id`) REFERENCES `categories` (`id`) ON DELETE CASCADE,
  ADD CONSTRAINT `stage_templates_ibfk_2` FOREIGN KEY (`stage_id`) REFERENCES `category_stages` (`id`) ON DELETE CASCADE;

--
-- Constraints for table `tasks`
--
ALTER TABLE `tasks`
  ADD CONSTRAINT `tasks_ibfk_1` FOREIGN KEY (`project_id`) REFERENCES `projects` (`id`) ON DELETE CASCADE,
  ADD CONSTRAINT `tasks_ibfk_2` FOREIGN KEY (`stage_id`) REFERENCES `stages` (`id`) ON DELETE CASCADE,
  ADD CONSTRAINT `tasks_ibfk_3` FOREIGN KEY (`grade_id`) REFERENCES `grades` (`id`) ON DELETE SET NULL,
  ADD CONSTRAINT `tasks_ibfk_4` FOREIGN KEY (`book_id`) REFERENCES `books` (`id`) ON DELETE SET NULL,
  ADD CONSTRAINT `tasks_ibfk_5` FOREIGN KEY (`unit_id`) REFERENCES `units` (`id`) ON DELETE SET NULL,
  ADD CONSTRAINT `tasks_ibfk_6` FOREIGN KEY (`lesson_id`) REFERENCES `lessons` (`id`) ON DELETE SET NULL,
  ADD CONSTRAINT `tasks_ibfk_7` FOREIGN KEY (`created_by`) REFERENCES `admin_users` (`id`) ON DELETE SET NULL;

--
-- Constraints for table `task_assignees`
--
ALTER TABLE `task_assignees`
  ADD CONSTRAINT `task_assignees_ibfk_1` FOREIGN KEY (`task_id`) REFERENCES `tasks` (`id`) ON DELETE CASCADE;

--
-- Constraints for table `task_extensions`
--
ALTER TABLE `task_extensions`
  ADD CONSTRAINT `fk_task_extensions_reviewed_by` FOREIGN KEY (`reviewed_by`) REFERENCES `admin_users` (`id`) ON DELETE SET NULL,
  ADD CONSTRAINT `fk_task_extensions_task` FOREIGN KEY (`task_id`) REFERENCES `tasks` (`id`) ON DELETE CASCADE;

--
-- Constraints for table `task_remarks`
--
ALTER TABLE `task_remarks`
  ADD CONSTRAINT `fk_task_remarks_task` FOREIGN KEY (`task_id`) REFERENCES `tasks` (`id`) ON DELETE CASCADE;

--
-- Constraints for table `task_skills`
--
ALTER TABLE `task_skills`
  ADD CONSTRAINT `task_skills_ibfk_1` FOREIGN KEY (`task_id`) REFERENCES `tasks` (`id`) ON DELETE CASCADE,
  ADD CONSTRAINT `task_skills_ibfk_2` FOREIGN KEY (`skill_id`) REFERENCES `skills` (`id`) ON DELETE CASCADE;

--
-- Constraints for table `team_allocations`
--
ALTER TABLE `team_allocations`
  ADD CONSTRAINT `team_allocations_ibfk_1` FOREIGN KEY (`project_id`) REFERENCES `projects` (`id`) ON DELETE CASCADE,
  ADD CONSTRAINT `team_allocations_ibfk_2` FOREIGN KEY (`task_id`) REFERENCES `tasks` (`id`) ON DELETE CASCADE;

--
-- Constraints for table `team_member_sessions`
--
ALTER TABLE `team_member_sessions`
  ADD CONSTRAINT `team_member_sessions_ibfk_1` FOREIGN KEY (`team_member_id`) REFERENCES `team_members` (`id`) ON DELETE CASCADE;

--
-- Constraints for table `team_member_skills`
--
ALTER TABLE `team_member_skills`
  ADD CONSTRAINT `team_member_skills_ibfk_1` FOREIGN KEY (`team_member_id`) REFERENCES `team_members` (`id`) ON DELETE CASCADE,
  ADD CONSTRAINT `team_member_skills_ibfk_2` FOREIGN KEY (`skill_id`) REFERENCES `skills` (`id`) ON DELETE CASCADE;

--
-- Constraints for table `units`
--
ALTER TABLE `units`
  ADD CONSTRAINT `units_ibfk_1` FOREIGN KEY (`book_id`) REFERENCES `books` (`id`) ON DELETE CASCADE;
COMMIT;

/*!40101 SET CHARACTER_SET_CLIENT=@OLD_CHARACTER_SET_CLIENT */;
/*!40101 SET CHARACTER_SET_RESULTS=@OLD_CHARACTER_SET_RESULTS */;
/*!40101 SET COLLATION_CONNECTION=@OLD_COLLATION_CONNECTION */;
